AZ-138,NONE,,,,,,,,,,,,,,,,,,,,,,
F-107 ,NONE,,,,,,,,,,,,,,,,,,,,,,
HH-105,??,,,,,,,,,,,,,,,,,,,,,,
HH-130 ,NONE,,,,,,,,,,,,,,,,,,,,,,
NN-140 ,NONE,,,,,,,,,,,,,,,,,,,,,,
plot,species,,,,,,,,,,,,,,,,,,,,,,
R-79 ,NONE,,,,,,,,,,,,,,,,,,,,,,
OO-122,NONE,Phalaris arundinacea,,,,,,,,,,,,,,,,,,,,,
PP-122,NONE,Phalaris arundinacea,,,,,,,,,,,,,,,,,,,,,
X-138,NONE,Phalaris arundinacea,,,,,,,,,,,,,,,,,,,,,
Z-128,Fraxinus americana,Acer nigrum,,,,,,,,,,,,,,,,,,,,,
AA-141,Vitis riparia,Coronilla varia,NONE,,,,,,,,,,,,,,,,,,,,
AX-132,Cirsium arvense,NONE,Coronilla varia,,,,,,,,,,,,,,,,,,,,
I-133,Fraxinus americana,Arisaema triphyllum,Acer nigrum,,,,,,,,,,,,,,,,,,,,
R-128,Quercus rubra,Parthenocissus quinquefolia,Acer nigrum,,,,,,,,,,,,,,,,,,,,
RR-116,NONE,Salix nigra,Phalaris arundinacea,,,,,,,,,,,,,,,,,,,,
WW-119,NONE,Acer negundo,Phalaris arundinacea,,,,,,,,,,,,,,,,,,,,
Y-105,Prunus virginiana,Ulmus americana,Acer nigrum,,,,,,,,,,,,,,,,,,,,
AX-131,NONE,Poa pratensis,Carex vulpinoidea,Phalaris arundinacea,,,,,,,,,,,,,,,,,,,
AY-117,Typha angustifolia,Salix interior,Parthenocissus quinquefolia,NONE,,,,,,,,,,,,,,,,,,,
AY-130,Tilia americana,Lonicera maackii,Parthenocissus quinquefolia,Rhamnus cathartica,,,,,,,,,,,,,,,,,,,
BB-128,Boehmeria cylindrica,Acer saccharinum,Phalaris arundinacea,Ulmus americana,,,,,,,,,,,,,,,,,,,
DD-83,Quercus rubra,Lonicera maackii,Arisaema triphyllum,Acer nigrum,,,,,,,,,,,,,,,,,,,
EE-140,Gleditsia triacanthos,Acer saccharinum,Geum canadense,Ulmus americana,,,,,,,,,,,,,,,,,,,
GG-127,Lonicera maackii,Parthenocissus quinquefolia,Quercus palustris,Rhamnus cathartica,,,,,,,,,,,,,,,,,,,
J-133,Smilacina racemosa,Ulmus americana,Circaea lutetiana canadensis,Acer nigrum,,,,,,,,,,,,,,,,,,,
K-130,Alliaria petiolata,Fraxinus species,Juglans cinerea,Acer nigrum,,,,,,,,,,,,,,,,,,,
LL-123,NONE,Salix nigra,Populus deltoides,Phalaris arundinacea,,,,,,,,,,,,,,,,,,,
O-112,Quercus rubra,Hickory species,Fraxinus americana,Acer nigrum,,,,,,,,,,,,,,,,,,,
O-121,Quercus rubra,NONE,Uvularia sessilifolia,Acer nigrum,,,,,,,,,,,,,,,,,,,
P-107,Alliaria petiolata,Unidentified species,Arisaema triphyllum,Acer nigrum,,,,,,,,,,,,,,,,,,,
P-138,Cirsium arvense,NONE,Coronilla varia,Phalaris arundinacea,,,,,,,,,,,,,,,,,,,
Q-132,Solidago species,Lonicera maackii,Parthenocissus quinquefolia,Acer nigrum,,,,,,,,,,,,,,,,,,,
R-113,Quercus macrocarpa,Ostrya virginiana,Circaea lutetiana canadensis,Acer nigrum,,,,,,,,,,,,,,,,,,,
S-105,Quercus alba,Alliaria petiolata,Populus deltoides,Acer nigrum,,,,,,,,,,,,,,,,,,,
T-114,Quercus macrocarpa,Fraxinus pennsylvanica subintegerrima,Circaea lutetiana canadensis,Acer nigrum,,,,,,,,,,,,,,,,,,,
T-147,Agropyron repens,NONE,Coronilla varia,Rhamnus species,,,,,,,,,,,,,,,,,,,
XX-121,Lonicera maackii,Geum canadense,Acer negundo,Rhamnus cathartica,,,,,,,,,,,,,,,,,,,
A-107,Cirsium arvense,Bromus inermis,Poa pratensis,Convolvulus arvensis,NONE,,,,,,,,,,,,,,,,,,
AZ -138,Coronilla varia,Bromus inermis,Aster sagittifolius,Convolvulus arvensis,Rosa carolina,,,,,,,,,,,,,,,,,,
BB-140,Ulmus americana,Lonicera tatarica,Juglans nigra,NONE,Unidentified species,,,,,,,,,,,,,,,,,,
BB-141,Ulmus americana,Lonicera tatarica,Prunus serotina,Alliaria petiolata,Rhamnus cathartica,,,,,,,,,,,,,,,,,,
EE-88,Parthenocissus quinquefolia,Ostrya virginiana,Acer nigrum,Tilia americana,Arisaema triphyllum,,,,,,,,,,,,,,,,,,
F134,Ulmus americana,Prunus serotina,Gleditsia triacanthos,Tilia americana,Ulmus rubra,,,,,,,,,,,,,,,,,,
FF-127,Parthenocissus quinquefolia,Viburnum species,Lonicera maackii,Quercus macrocarpa,Rhamnus cathartica,,,,,,,,,,,,,,,,,,
G-132,Fraxinus pennsylvanica subintegerrima,Acer nigrum,Prunus serotina,Smilacina racemosa,Alliaria petiolata,,,,,,,,,,,,,,,,,,
I-138,Coronilla varia,Actinomeris alternifolia,Poa pratensis,NONE,Phalaris arundinacea,,,,,,,,,,,,,,,,,,
K-137,Parthenocissus quinquefolia,Acer nigrum,Arisaema triphyllum,Alliaria petiolata,Fraxinus americana,,,,,,,,,,,,,,,,,,
KK-121,Impatiens capensis,Fraxinus pennsylvanica subintegerrima,Vitis riparia,Rubus species,Alliaria petiolata,,,,,,,,,,,,,,,,,,
M-126,Phleum pratense,Dactylis glomerata,NONE,Fraxinus - Collections,Rhamnus cathartica,,,,,,,,,,,,,,,,,,
M-134,Acer nigrum,Quercus rubra,Rhus radicans,Alliaria petiolata,Unidentified species,,,,,,,,,,,,,,,,,,
N-123,Acer nigrum,Quercus rubra,NONE,Tilia americana,Fraxinus americana,,,,,,,,,,,,,,,,,,
O-105,Acer nigrum,Quercus rubra,Quercus alba,Tilia americana,Thalictrum dioicum,,,,,,,,,,,,,,,,,,
O-135,Alliaria petiolata,Acer nigrum,Tilia americana,Unidentified species,Fraxinus americana,,,,,,,,,,,,,,,,,,
PP-137,Parthenocissus quinquefolia,Viburnum species,Ulmus americana,Tilia americana,Rhamnus cathartica,,,,,,,,,,,,,,,,,,
Q-127,Parthenocissus quinquefolia,Acer nigrum,Quercus rubra,Alliaria petiolata,Fraxinus americana,,,,,,,,,,,,,,,,,,
T-132,Parthenocissus quinquefolia,Ulmus americana,Acer nigrum,Quercus rubra,Quercus alba,,,,,,,,,,,,,,,,,,
TT-143,Impatiens capensis,Ulmus americana,Geranium maculatum,NONE,Tilia americana,,,,,,,,,,,,,,,,,,
U-130,Ostrya virginiana,Acer nigrum,Quercus alba,Tilia americana,Fraxinus americana,,,,,,,,,,,,,,,,,,
U-134,Quercus macrocarpa,Alliaria petiolata,Acer nigrum,NONE,Tilia americana,,,,,,,,,,,,,,,,,,
V-114,Impatiens capensis,Quercus macrocarpa,Acer nigrum,NONE,Alliaria petiolata,,,,,,,,,,,,,,,,,,
W-128,Fraxinus pennsylvanica subintegerrima,Solanum dulcamara,Acer nigrum,Quercus rubra,Alliaria petiolata,,,,,,,,,,,,,,,,,,
Y-141,Coronilla varia,Agropyron repens,Pastinaca sativa,NONE,Rhamnus cathartica,,,,,,,,,,,,,,,,,,
B-109,Cirsium arvense,Parthenocissus quinquefolia,Poa pratensis,Lonicera tatarica,Achillea millefolium,NONE,,,,,,,,,,,,,,,,,
C-111,Parthenocissus quinquefolia,Lonicera tatarica,Quercus rubra,Crataegus species,Unidentified species,Rhamnus cathartica,,,,,,,,,,,,,,,,,
GG-103,Cirsium arvense,Agropyron repens,Phleum pratense,Rosa multiflora,NONE,Rhamnus cathartica,,,,,,,,,,,,,,,,,
GG-122,Circaea lutetiana canadensis,Ostrya virginiana,Acer nigrum,Prunus serotina,Alliaria petiolata,Fraxinus americana,,,,,,,,,,,,,,,,,
HB-143,Ulmus americana,Prunus serotina,Quercus rubra,Tilia americana,Ulmus rubra,Rhamnus cathartica,,,,,,,,,,,,,,,,,
HC-142,Lonicera tatarica,Rhus radicans,Tilia americana,Ulmus rubra,Arisaema triphyllum,Rhamnus cathartica,,,,,,,,,,,,,,,,,
HC-144,Ulmus species,Parthenocissus quinquefolia,Lonicera tatarica,Juglans nigra,Tilia americana,Ulmus rubra,,,,,,,,,,,,,,,,,
HH-116,Parthenocissus quinquefolia,Ulmus americana,Prunus serotina,Quercus alba,Prunus virginiana,Viburnum opulus,,,,,,,,,,,,,,,,,
II-87,Parthenocissus quinquefolia,Circaea lutetiana canadensis,Acer negundo,Acer nigrum,Quercus alba,Alliaria petiolata,,,,,,,,,,,,,,,,,
J-135,Parthenocissus quinquefolia,Fraxinus pennsylvanica subintegerrima,Acer nigrum,Prunus serotina,Gleditsia triacanthos,Impatiens pallida,,,,,,,,,,,,,,,,,
JJ-87,Parthenocissus quinquefolia,Ulmus americana,Lonicera maackii,Acer nigrum,Prunus serotina,Unidentified species,,,,,,,,,,,,,,,,,
L-126,Phleum pratense,Dactylis glomerata,NONE,Fragaria virginiana,Fraxinus - Collections,Plantago lanceolata,,,,,,,,,,,,,,,,,
LL-128,Morus alba,Lonicera tatarica,Acer negundo,Acer saccharum,Alliaria petiolata,Ulmus rubra,,,,,,,,,,,,,,,,,
LL-133,Parthenocissus quinquefolia,Quercus rubra,Quercus alba,Tilia americana,Ulmus rubra,Fraxinus americana,,,,,,,,,,,,,,,,,
N-110,Geranium maculatum,Acer nigrum,Smilacina racemosa,Quercus alba,Thalictrum dioicum,Fraxinus americana,,,,,,,,,,,,,,,,,
NN-114,Parthenocissus quinquefolia,Ulmus americana,Rhus radicans,Tilia americana,Fraxinus americana,Rhamnus cathartica,,,,,,,,,,,,,,,,,
O-108,Ranunculus hispidus,Acer nigrum,Quercus alba,Prunus virginiana,Alliaria petiolata,Fraxinus americana,,,,,,,,,,,,,,,,,
O-131,Parthenocissus quinquefolia,Acer nigrum,Quercus rubra,NONE,Tilia americana,Fraxinus americana,,,,,,,,,,,,,,,,,
PP-101,Bromus inermis,Poa pratensis,Crataegus species,NONE,Melilotus officinalis,Rhamnus cathartica,,,,,,,,,,,,,,,,,
PP-117,Cirsium arvense,Parthenocissus quinquefolia,Fraxinus pennsylvanica subintegerrima,Poa pratensis,Rhus radicans,Juglans nigra,,,,,,,,,,,,,,,,,
RR-99,Physalis virginiana,Poa pratensis,Prunus americana,Vitis riparia,NONE,Dactylis glomerata,,,,,,,,,,,,,,,,,
UU-121,Lonicera maackii,Prunus species,Acer negundo,Prunus serotina,Alliaria petiolata,Rhamnus cathartica,,,,,,,,,,,,,,,,,
V-113,Quercus macrocarpa,Acer nigrum,Arisaema triphyllum,Juglans nigra,Tilia americana,Fraxinus americana,,,,,,,,,,,,,,,,,
W-106,Parthenocissus quinquefolia,Circaea lutetiana canadensis,Acer nigrum,Rhus radicans,Ulmus rubra,Fraxinus americana,,,,,,,,,,,,,,,,,
W-112,Parthenocissus quinquefolia,Circaea lutetiana canadensis,Ostrya virginiana,Acer nigrum,Quercus rubra,Fraxinus americana,,,,,,,,,,,,,,,,,
W-132,Carya cordiformis,Acer nigrum,Pilea pumila,Alliaria petiolata,Ulmus rubra,Fraxinus americana,,,,,,,,,,,,,,,,,
X-121,Impatiens capensis,Asplenium species,Ostrya virginiana,Acer nigrum,Quercus alba,Unidentified species,,,,,,,,,,,,,,,,,
XX-129,Parthenocissus quinquefolia,Fraxinus pennsylvanica subintegerrima,Ulmus americana,Lonicera maackii,Prunus serotina,Vitis riparia,,,,,,,,,,,,,,,,,
Y-84,Ulmus americana,Lonicera maackii,Ostrya virginiana,Quercus rubra,Prunus serotina,Quercus alba,,,,,,,,,,,,,,,,,
AA-117,Sanguinaria canadensis,Ulmus americana,Ostrya virginiana,Geranium maculatum,Acer nigrum,Smilacina racemosa,Fraxinus americana,,,,,,,,,,,,,,,,
AA-118,Ulmus americana,Ostrya virginiana,Acer nigrum,Smilacina racemosa,Quercus alba,Tilia americana,Ulmus rubra,,,,,,,,,,,,,,,,
BB-144,Ulmus americana,Lonicera maackii,Prunus serotina,Alliaria petiolata,Ulmus rubra,Fraxinus americana,Rhamnus cathartica,,,,,,,,,,,,,,,,
BB-84,Tilia americana,Euonymus atropurpureus,Ostrya virginiana,Acer nigrum,Quercus rubra,Smilacina racemosa,Alliaria petiolata,,,,,,,,,,,,,,,,
D-113,Cirsium arvense,Convolvulus sepium,Parthenocissus quinquefolia,Poa pratensis,Rosa multiflora,NONE,Menispermum canadense,,,,,,,,,,,,,,,,
DD-114,Parthenocissus quinquefolia,Ulmus americana,Ostrya virginiana,Acer nigrum,Prunus serotina,Quercus alba,Arisaema triphyllum,,,,,,,,,,,,,,,,
DD-115,Viburnum species,Acer nigrum,Prunus serotina,Quercus rubra,Podophyllum peltatum,Quercus alba,NONE,,,,,,,,,,,,,,,,
DD-86,Parthenocissus quinquefolia,Circaea lutetiana canadensis,Tilia americana,Ostrya virginiana,Acer nigrum,NONE,Alliaria petiolata,,,,,,,,,,,,,,,,
E-111,Cirsium arvense,Lonicera tatarica,Poa pratensis,Rosa multiflora,Rhus radicans,NONE,Rhamnus cathartica,,,,,,,,,,,,,,,,
EE-120,Circaea lutetiana canadensis,Acer nigrum,Prunus serotina,Ribes missouriense,Smilacina racemosa,Quercus alba,Fraxinus americana,,,,,,,,,,,,,,,,
EE-132,Poa pratensis,Ribes species,Rosa multiflora,Convolvulus arvensis,Anemone species,Vitis riparia,NONE,,,,,,,,,,,,,,,,
F-113,Parthenocissus quinquefolia,Carya ovata,Lonicera maackii,Prunus serotina,Alliaria petiolata,Fraxinus americana,Rhamnus cathartica,,,,,,,,,,,,,,,,
F-129,Fraxinus species,Tilia americana,Acer nigrum,Quercus rubra,Smilacina racemosa,Alliaria petiolata,Fraxinus americana,,,,,,,,,,,,,,,,
F-134,Parthenocissus quinquefolia,Fraxinus pennsylvanica subintegerrima,Circaea lutetiana canadensis,Viburnum opulus,Acer nigrum,Smilacina racemosa,Arisaema triphyllum,,,,,,,,,,,,,,,,
FF-126,Parthenocissus quinquefolia,Viburnum species,Ulmus americana,Lonicera maackii,Gleditsia triacanthos,Alliaria petiolata,Rhamnus cathartica,,,,,,,,,,,,,,,,
FF-146,Parthenocissus quinquefolia,Lonicera maackii,Quercus macrocarpa,Rosa multiflora,Smilacina racemosa,Fraxinus americana,Rhamnus cathartica,,,,,,,,,,,,,,,,
GG-140,Parthenocissus quinquefolia,Fraxinus pennsylvanica subintegerrima,Lonicera maackii,Tilia americana,Prunus serotina,Alliaria petiolata,Ulmus rubra,,,,,,,,,,,,,,,,
HD-143,rttf,Lonicera tatarica,Prunus serotina,Quercus rubra,Prunus virginiana,Tilia americana,Ulmus rubra,,,,,,,,,,,,,,,,
JJ-129,Cirsium arvense,Solanum dulcamara,Ranunculus species,NONE,Alliaria petiolata,Phalaris arundinacea,Rhamnus cathartica,,,,,,,,,,,,,,,,
JJ-96,Parthenocissus quinquefolia,Solidago ulmifolia,Solidago graminifolia,Lonicera maackii,Rubus allegheniensis,Prunus serotina,Galium species,,,,,,,,,,,,,,,,
K-116,Hystrix patula,Ulmus americana,Smilax species,Geranium maculatum,Acer nigrum,Quercus rubra,Rhamnus frangula,,,,,,,,,,,,,,,,
KK-80,Parthenocissus quinquefolia,Circaea lutetiana canadensis,Oxalis stricta,Acer nigrum,Rhus radicans,Geum canadense,NONE,,,,,,,,,,,,,,,,
M-137,Parthenocissus quinquefolia,Ostrya virginiana,Acer nigrum,Rhus radicans,Tilia americana,Unidentified species,Fraxinus americana,,,,,,,,,,,,,,,,
N-115,Ostrya virginiana,Acer nigrum,Quercus rubra,NONE,Tilia americana,Fraxinus americana,Rhamnus cathartica,,,,,,,,,,,,,,,,
N-144,Silphium integrifolium,Sorghastrum nutans,Poa pratensis,Monarda fistulosa,NONE,Forb species,Rhamnus cathartica,,,,,,,,,,,,,,,,
O-109,Ulmus americana,Ostrya virginiana,Geranium maculatum,Acer nigrum,Quercus alba,Tilia americana,Fraxinus americana,,,,,,,,,,,,,,,,
OO-129,Ulmus americana,Lonicera maackii,Prunus serotina,Celtis occidentalis,Quercus alba,Unidentified species,Ulmus rubra,,,,,,,,,,,,,,,,
P-126,Circaea lutetiana canadensis,Solidago flexicaulis,Ostrya virginiana,Acer nigrum,Quercus rubra,Quercus alba,NONE,,,,,,,,,,,,,,,,
P-95,Viburnum recognitum,Ulmus americana,Salix nigra,Shrub species,Carex tribuloides,Acer saccharinum,Unidentified species,,,,,,,,,,,,,,,,
PP-102,Cornus racemosa,Bromus inermis,Poa pratensis,Prunus americana,Rhus radicans,NONE,Potentilla recta,,,,,,,,,,,,,,,,
PP-132,Lonicera maackii,Acer negundo,Acer nigrum,Prunus serotina,NONE,Tilia americana,Ulmus rubra,,,,,,,,,,,,,,,,
Q-122,Hystrix patula,Ulmus americana,Geranium maculatum,Acer nigrum,Smilacina racemosa,Quercus alba,Fraxinus americana,,,,,,,,,,,,,,,,
Q-129,Parthenocissus quinquefolia,Circaea lutetiana canadensis,Ostrya virginiana,Quercus macrocarpa,Acer nigrum,NONE,Arisaema triphyllum,,,,,,,,,,,,,,,,
QQ-107,Asclepias verticillata,Bromus inermis,Poa pratensis,Prunus americana,Convolvulus arvensis,Melilotus officinalis,Physalis species,,,,,,,,,,,,,,,,
QQ-146,Parthenocissus quinquefolia,Prunus serotina,Arisaema triphyllum,NONE,Tilia americana,Ulmus rubra,Fraxinus americana,,,,,,,,,,,,,,,,
RR-138,Parthenocissus quinquefolia,Ulmus americana,Lonicera tatarica,Crataegus species,Quercus alba,Tilia americana,Rhamnus cathartica,,,,,,,,,,,,,,,,
S-111,Fraxinus pennsylvanica subintegerrima,Impatiens capensis,Circaea lutetiana canadensis,Tilia americana,Acer nigrum,Quercus rubra,Alliaria petiolata,,,,,,,,,,,,,,,,
SS-130,Ulmus americana,Lonicera maackii,Tilia americana,Celtis occidentalis,Juglans nigra,Alliaria petiolata,Ulmus rubra,,,,,,,,,,,,,,,,
SS-141,Parthenocissus quinquefolia,Ulmus americana,Acer negundo,Berberis thunbergii,Tilia americana,Unidentified species,Rhamnus cathartica,,,,,,,,,,,,,,,,
T-75,Parthenocissus quinquefolia,Quercus macrocarpa,Quercus alba,Prunus serotina,Eupatorium rugosum,NONE,Aster lateriflorus,,,,,,,,,,,,,,,,
TT-131,Parthenocissus quinquefolia,Lonicera maackii,Acer nigrum,Prunus serotina,Quercus rubra,Tilia americana,Ulmus rubra,,,,,,,,,,,,,,,,
TT-133,Parthenocissus quinquefolia,Circaea lutetiana canadensis,Ostrya virginiana,Prunus serotina,Quercus rubra,Tilia americana,Rhamnus cathartica,,,,,,,,,,,,,,,,
UU-117,Cirsium arvense,Carex blanda,Parthenocissus quinquefolia,Poa pratensis,Pastinaca sativa,NONE,Phalaris arundinacea,,,,,,,,,,,,,,,,
W-137,Ulmus americana,Lonicera tatarica,Prunus serotina,Juglans nigra,Eupatorium rugosum,Fragaria virginiana,Rhus typhina,,,,,,,,,,,,,,,,
W-71,Parthenocissus quinquefolia,Circaea lutetiana canadensis,Lonicera maackii,Juglans nigra,Smilacina racemosa,Quercus alba,Unidentified species,,,,,,,,,,,,,,,,
WW-102,Ulmus americana,Bromus inermis,Poa pratensis,Achillea millefolium,NONE,Melilotus officinalis,Potentilla recta,,,,,,,,,,,,,,,,
Y-121,Cirsium arvense,Circaea lutetiana canadensis,Ulmus americana,Polygonum punctatum,Vitis riparia,Acer saccharinum,NONE,,,,,,,,,,,,,,,,
Y-128,Circaea lutetiana canadensis,Ulmus americana,Quercus macrocarpa,Asarum canadense,Acer nigrum,NONE,Alliaria petiolata,,,,,,,,,,,,,,,,
Y-130,Impatiens capensis,Urtica dioica,Asarum canadense,Acer nigrum,NONE,Alliaria petiolata,Arisaema triphyllum,,,,,,,,,,,,,,,,
Y-147,Parthenocissus quinquefolia,Circaea lutetiana canadensis,Lonicera maackii,Prunus serotina,Alliaria petiolata,Unidentified species,Rhamnus cathartica,,,,,,,,,,,,,,,,
YY-146,Impatiens capensis,Typha latifolia,Scutellaria lateriflora,Onoclea sensibilis,Pilea pumila,Rumex orbiculatus,NONE,,,,,,,,,,,,,,,,
Z-143,Cirsium arvense,Parthenocissus quinquefolia,Agropyron repens,Poa pratensis,Vitis riparia,NONE,Fragaria virginiana,,,,,,,,,,,,,,,,
A-137,Parthenocissus quinquefolia,Ulmus americana,Maclura pomifera,Lonicera maackii,Cercis canadensis,Ulmus species,Arisaema triphyllum,Rhamnus cathartica,,,,,,,,,,,,,,,
AA-116,Ostrya virginiana,Acer nigrum,Prunus serotina,Vitis riparia,Quercus rubra,Podophyllum peltatum,Quercus alba,Fraxinus americana,,,,,,,,,,,,,,,
AA-125,Parthenocissus quinquefolia,Ulmus americana,Quercus macrocarpa,Asarum canadense,Acer saccharinum,NONE,Tilia americana,Ulmus rubra,,,,,,,,,,,,,,,
AA-79,Circaea lutetiana canadensis,Populus alba,Lonicera tatarica,Acer nigrum,Quercus rubra,Rhus radicans,Alliaria petiolata,Arisaema triphyllum,,,,,,,,,,,,,,,
AY-127,Parthenocissus quinquefolia,Lonicera maackii,Poa pratensis,Ostrya virginiana,Rhamnus cathartica,Agostis alba,Phalaris arundinacea,Aster species,,,,,,,,,,,,,,,
AZ-133,Lonicera maackii,Fraxinus americana,Gymnocladus dioica,Arisaema triphyllum,Smilacina racemosa,Unidentified species,Ulmus rubra,Rhamnus cathartica,,,,,,,,,,,,,,,
C-120,Lonicera maackii,Rosa multiflora,Quercus rubra,Juglans cinerea,Tilia americana,Unidentified species,Fraxinus americana,Rhamnus cathartica,,,,,,,,,,,,,,,
CC-123,Parthenocissus quinquefolia,Impatiens capensis,Circaea lutetiana canadensis,Ulmus americana,Ostrya virginiana,Acer nigrum,Rhus radicans,Alliaria petiolata,,,,,,,,,,,,,,,
CC-144,Parthenocissus quinquefolia,Lonicera maackii,Prunus serotina,Rhus radicans,Alliaria petiolata,Ulmus rubra,Fraxinus americana,Rhamnus cathartica,,,,,,,,,,,,,,,
CC-99,Parthenocissus quinquefolia,Fraxinus species,Cornus racemosa,Acer nigrum,Quercus alba,Prunus virginiana,Tilia americana,Arisaema triphyllum,,,,,,,,,,,,,,,
DD-112,Fraxinus pennsylvanica subintegerrima,Ulmus americana,Lonicera maackii,Acer nigrum,Prunus serotina,Quercus alba,Prunus virginiana,Fraxinus americana,,,,,,,,,,,,,,,
EE-111,Parthenocissus quinquefolia,Celastrus scandens,Ulmus americana,Lonicera maackii,Acer nigrum,Prunus serotina,Quercus alba,Rhamnus cathartica,,,,,,,,,,,,,,,
EE-134,Parthenocissus quinquefolia,Fraxinus pennsylvanica subintegerrima,Ulmus americana,Lonicera maackii,Salix nigra,Acer saccharinum,Crataegus species,Rhamnus cathartica,,,,,,,,,,,,,,,
FF-138,Parthenocissus quinquefolia,Fraxinus pennsylvanica subintegerrima,Ulmus americana,Lonicera maackii,Prunus serotina,Crataegus species,Juglans nigra,Alliaria petiolata,,,,,,,,,,,,,,,
GG-121,Parthenocissus quinquefolia,Ulmus americana,Acer nigrum,Prunus serotina,Quercus rubra,Smilacina racemosa,Quercus alba,Alliaria petiolata,,,,,,,,,,,,,,,
HA-127,Morus alba,Ulmus americana,Lonicera maackii,Acer nigrum,Picea species,Gleditsia triacanthos,Juglans nigra,Rhamnus cathartica,,,,,,,,,,,,,,,
HB-136,Parthenocissus quinquefolia,Ostrya virginiana,Quercus macrocarpa,Acer nigrum,Tilia americana,Unidentified species,Fraxinus americana,Rhamnus cathartica,,,,,,,,,,,,,,,
HB-146,Parthenocissus quinquefolia,Fraxinus pennsylvanica subintegerrima,Ulmus americana,Lonicera maackii,Prunus serotina,Quercus rubra,Tilia americana,Rhamnus cathartica,,,,,,,,,,,,,,,
HH-90,Parthenocissus quinquefolia,Ostrya virginiana,Prunus serotina,Quercus rubra,Smilacina racemosa,Quercus alba,NONE,Alliaria petiolata,,,,,,,,,,,,,,,
II-130,Viburnum species,Solidago species,Lonicera maackii,Rosa multiflora,Rhus radicans,Geum canadense,NONE,Rhamnus cathartica,,,,,,,,,,,,,,,
II-131,Parthenocissus quinquefolia,Viburnum recognitum,Lonicera maackii,Acer saccharum,Quercus rubra,Rhamnus cathartica,Poa species,Aster species,,,,,,,,,,,,,,,
II-136,Parthenocissus quinquefolia,Circaea lutetiana canadensis,Ulmus americana,Ostrya virginiana,Acer nigrum,Smilacina racemosa,Quercus alba,Alliaria petiolata,,,,,,,,,,,,,,,
II-81,Stylophorum diphyllum,Morus alba,Circaea lutetiana canadensis,Pseudotsuga menziesii,Eupatorium rugosum,Impatiens pallida,Alliaria petiolata,Desmodium species,,,,,,,,,,,,,,,
J-110,Parthenocissus quinquefolia,Ulmus americana,Acer nigrum,Prunus serotina,Quercus rubra,Quercus alba,Prunus virginiana,Rhamnus cathartica,,,,,,,,,,,,,,,
K-109,Ostrya virginiana,Geranium maculatum,Acer nigrum,Quercus rubra,Quercus alba,NONE,Tilia americana,Fraxinus americana,,,,,,,,,,,,,,,
KK-131,Parthenocissus quinquefolia,Circaea lutetiana canadensis,Lonicera maackii,Quercus macrocarpa,Acer nigrum,Prunus serotina,Tilia americana,Ulmus rubra,,,,,,,,,,,,,,,
L-111,Polygonum virginianum,Cornus racemosa,Acer nigrum,Quercus rubra,Quercus alba,Tilia americana,Ulmus rubra,Fraxinus americana,,,,,,,,,,,,,,,
L-120,Anemonella thalictroides,Smilax species,Geranium maculatum,Acer nigrum,Arisaema triphyllum,Tilia americana,Prenanthes species,Fraxinus americana,,,,,,,,,,,,,,,
LL-84,Circaea lutetiana canadensis,Ulmus americana,Acer nigrum,Geum canadense,Quercus alba,NONE,Alliaria petiolata,Euonymus alatus,,,,,,,,,,,,,,,
N-113,Ulmus americana,Ostrya virginiana,Geranium maculatum,Acer nigrum,Prunus serotina,Quercus rubra,Quercus alba,Fraxinus americana,,,,,,,,,,,,,,,
N-142,Cornus racemosa,Poa pratensis,Solidago canadensis,Monarda fistulosa,Rosa multiflora,Rubus occidentalis,NONE,Rhamnus cathartica,,,,,,,,,,,,,,,
NN-105,Cirsium arvense,Festuca elatior,Poa pratensis,Vitis riparia,Trifolium hybridum,NONE,Melilotus officinalis,Potentilla recta,,,,,,,,,,,,,,,
OO-103,Sorghastrum nutans,Cornus racemosa,Festuca elatior,Bromus inermis,Poa pratensis,Prunus americana,Rubus allegheniensis,NONE,,,,,,,,,,,,,,,
Q-110,Carex blanda,Parthenocissus quinquefolia,Impatiens capensis,Circaea lutetiana canadensis,Ulmus americana,Acer nigrum,Rhus radicans,Ulmus rubra,,,,,,,,,,,,,,,
Q-135,Circaea lutetiana canadensis,Lonicera maackii,Tilia americana,Acer nigrum,Juglans nigra,Alliaria petiolata,Ulmus rubra,Fraxinus americana,,,,,,,,,,,,,,,
Q-96,Parthenocissus quinquefolia,Fraxinus pennsylvanica subintegerrima,Ulmus americana,Quercus macrocarpa,Quercus rubra,Rhus radicans,Quercus alba,Prunus virginiana,,,,,,,,,,,,,,,
QQ-121,Dipsacus sylvestris,NONE,Poa pratensis,Solidago canadensis,Trifolium hybridum,Carex species,Daucus carota,Phalaris arundinacea,,,,,,,,,,,,,,,
QQ-132,Ulmus americana,Lonicera maackii,Celtis occidentalis,Gleditsia triacanthos,Juglans nigra,Tilia americana,Populus species,Ulmus species,,,,,,,,,,,,,,,
R-116,Ostrya virginiana,Quercus macrocarpa,Acer nigrum,Quercus rubra,Allium tricoccum,Smilacina racemosa,Quercus alba,Fraxinus americana,,,,,,,,,,,,,,,
RR-107,Parthenocissus quinquefolia,Physalis virginiana,Agropyron repens,Bromus inermis,Poa pratensis,Rubus allegheniensis,Convolvulus arvensis,NONE,,,,,,,,,,,,,,,
RR-142,Parthenocissus quinquefolia,Ulmus americana,Acer nigrum,Prunus serotina,Smilacina racemosa,Quercus alba,Tilia americana,Arisaema triphyllum,,,,,,,,,,,,,,,
S-126,Parthenocissus quinquefolia,Impatiens capensis,Acer nigrum,Rhus radicans,Juglans nigra,NONE,Alliaria petiolata,Fraxinus americana,,,,,,,,,,,,,,,
S-134,Parthenocissus quinquefolia,Tilia americana,Ostrya virginiana,Acer nigrum,Pilea pumila,NONE,Alliaria petiolata,Fraxinus americana,,,,,,,,,,,,,,,
SS-109,Andropogon gerardii,Poa pratensis,Prunus americana,Solidago canadensis,NONE,Melilotus officinalis,Daucus carota,Potentilla recta,,,,,,,,,,,,,,,
SS-136,Parthenocissus quinquefolia,Ulmus americana,Lonicera maackii,Carya cordiformis,Quercus macrocarpa,Quercus alba,Tilia americana,Fraxinus americana,,,,,,,,,,,,,,,
SS-142,Parthenocissus quinquefolia,Fraxinus pennsylvanica subintegerrima,Circaea lutetiana canadensis,Ulmus americana,Tilia americana,Crataegus species,Quercus alba,Alliaria petiolata,,,,,,,,,,,,,,,
TT-129,Ulmus americana,Lonicera maackii,Rhamnus carthartica,Prunus serotina,Crataegus species,Morus rubra,Ulmus rubra,Rhamnus cathartica,,,,,,,,,,,,,,,
TT-132,Lonicera maackii,Tilia americana,Acer nigrum,Prunus serotina,Quercus rubra,Podophyllum peltatum,Alliaria petiolata,Fraxinus americana,,,,,,,,,,,,,,,
TT-140,Parthenocissus quinquefolia,Ulmus americana,Lonicera tatarica,Rosa multiflora,Quercus rubra,Juglans nigra,Tilia americana,Fraxinus americana,,,,,,,,,,,,,,,
UU-125,Robinia pseudoacacia,Sium suave,Lonicera maackii,Acer negundo,Alliaria petiolata,Aster lateriflorus,Ulmus pumila,Rhamnus cathartica,,,,,,,,,,,,,,,
UU-129,Parthenocissus quinquefolia,Lonicera maackii,Acer nigrum,Prunus serotina,Juglans nigra,Alliaria petiolata,Unidentified species,Ulmus rubra,,,,,,,,,,,,,,,
V-111,Circaea lutetiana canadensis,Ostrya virginiana,Acer nigrum,Prunus serotina,Quercus rubra,Geum canadense,Quercus alba,Fraxinus americana,,,,,,,,,,,,,,,
V-134,Parthenocissus quinquefolia,Polygonum virginianum,Ostrya virginiana,Acer nigrum,Rhus radicans,Pilea pumila,Ulmus rubra,Fraxinus americana,,,,,,,,,,,,,,,
VV-122,Acer platanoides,Fraxinus pennsylvanica subintegerrima,Lonicera maackii,Acer negundo,Acer nigrum,Prunus serotina,Alliaria petiolata,Rhamnus cathartica,,,,,,,,,,,,,,,
WW-137,Parthenocissus quinquefolia,Circaea lutetiana canadensis,Carex pensylvanica,Ulmus americana,Ostrya virginiana,Prunus serotina,Quercus rubra,Tilia americana,,,,,,,,,,,,,,,
X-110,Carya ovata,Fraxinus pennsylvanica subintegerrima,Ulmus americana,Lonicera maackii,Acer nigrum,Prunus serotina,Quercus rubra,NONE,,,,,,,,,,,,,,,
Y-110,Ulmus americana,Acer nigrum,Prunus serotina,Quercus rubra,Smilacina racemosa,Prunus virginiana,Fraxinus americana,Rhamnus cathartica,,,,,,,,,,,,,,,
YY-132,Ulmus americana,Lonicera maackii,Quercus macrocarpa,Acer nigrum,Prunus serotina,Quercus alba,Tilia americana,Ulmus rubra,,,,,,,,,,,,,,,
ZZ-130,Parthenocissus quinquefolia,Ulmus americana,Lonicera maackii,Carya cordiformis,Prunus serotina,Celtis occidentalis,Tilia americana,Ulmus rubra,,,,,,,,,,,,,,,
ZZ-134,Parthenocissus quinquefolia,Ulmus americana,Lonicera maackii,Rosa multiflora,Prunus serotina,Rhus radicans,Tilia americana,Rhamnus cathartica,,,,,,,,,,,,,,,
A-121,Ptelea trifoliata,Parthenocissus quinquefolia,Solidago ulmifolia,Smilax species,Ostrya virginiana,Geum canadense,Rubus occidentalis,Carex species,Rhamnus cathartica,,,,,,,,,,,,,,
B-115,Convolvulus sepium,Parthenocissus quinquefolia,Poa pratensis,Lonicera tatarica,Rosa multiflora,Rhus radicans,NONE,Rhus typhina,Rhamnus cathartica,,,,,,,,,,,,,,
BB-116,Fraxinus pennsylvanica subintegerrima,Ulmus americana,Solidago flexicaulis,Ostrya virginiana,Acer nigrum,Quercus rubra,Smilacina racemosa,Quercus alba,Alliaria petiolata,,,,,,,,,,,,,,
BB-118,Parthenocissus quinquefolia,Fraxinus pennsylvanica subintegerrima,Circaea lutetiana canadensis,Ostrya virginiana,Acer nigrum,Quercus rubra,Rhus radicans,Ulmus rubra,Hydrophyllum virginianum,,,,,,,,,,,,,,
BB-92,Parthenocissus quinquefolia,Lonicera prolifera,Ostrya virginiana,Viburnum prunifolium,Sonchus species,Geum canadense,Quercus alba,Taraxacum officinale,Rhamnus cathartica,,,,,,,,,,,,,,
C-136,Parthenocissus quinquefolia,Ulmus americana,Lonicera maackii,Carya cordiformis,Cercis canadensis,Juglans nigra,Unidentified species,Fraxinus americana,Rhamnus cathartica,,,,,,,,,,,,,,
CC-97,Parthenocissus quinquefolia,Fraxinus pennsylvanica subintegerrima,Ostrya virginiana,Acer nigrum,Geum canadense,Crataegus species,Quercus alba,Tilia americana,Arisaema triphyllum,,,,,,,,,,,,,,
EE-128,Parthenocissus quinquefolia,Pinus banksiana,Ulmus americana,Lonicera maackii,Rosa multiflora,Crataegus species,Ulmus rubra,Fraxinus americana,Rhamnus cathartica,,,,,,,,,,,,,,
G-137,Fraxinus pennsylvanica subintegerrima,Ulmus americana,Lonicera maackii,Lonicera tatarica,Acer nigrum,Rhus radicans,Tilia americana,Fraxinus americana,Rhamnus cathartica,,,,,,,,,,,,,,
GG-113,Parthenocissus quinquefolia,Fraxinus species,Lonicera maackii,Acer nigrum,Prunus serotina,Fraxinus americana,Smilacina racemosa,Quercus alba,Arisaema triphyllum,,,,,,,,,,,,,,
GG-146,Parthenocissus quinquefolia,Fraxinus pennsylvanica subintegerrima,Ulmus americana,Lonicera maackii,Prunus serotina,Rhus radicans,Unidentified seedling,Ulmus rubra,Rhamnus cathartica,,,,,,,,,,,,,,
HB-141,Parthenocissus quinquefolia,Ulmus americana,Lonicera tatarica,Quercus rubra,Prunus serotina,Smilacina racemosa,Tilia americana,Ulmus rubra,Rhamnus cathartica,,,,,,,,,,,,,,
HC-126,Parthenocissus quinquefolia,Acer platanoides,Lonicera maackii,Acer negundo,Rosa multiflora,Prunus serotina,Rhus radicans,Unidentified species,Fraxinus americana,,,,,,,,,,,,,,
HC-135,Parthenocissus quinquefolia,Smilacina species,Ulmus americana,Quercus macrocarpa,Quercus rubra,Juglans nigra,Tilia americana,Ulmus rubra,Fraxinus americana,,,,,,,,,,,,,,
HD-134,Parthenocissus quinquefolia,Carya species,Ulmus americana,Ostrya virginiana,Quercus macrocarpa,Rhus radicans,Prunus virginiana,Tilia americana,Rhamnus cathartica,,,,,,,,,,,,,,
HD-146,Parthenocissus quinquefolia,Fraxinus pennsylvanica subintegerrima,Ulmus americana,Quercus macrocarpa,Prunus serotina,Quercus rubra,NONE,Tilia americana,Rhamnus cathartica,,,,,,,,,,,,,,
HD-147,Ulmus species,Fraxinus pennsylvanica subintegerrima,Prunus serotina,Quercus rubra,Smilacina racemosa,Tilia americana,Ulmus rubra,Viburnum opulus,Rhamnus cathartica,,,,,,,,,,,,,,
HH-112,Parthenocissus quinquefolia,Celastrus scandens,Lonicera maackii,Acer nigrum,Prunus serotina,Quercus alba,Tilia americana,Fraxinus americana,Rhamnus cathartica,,,,,,,,,,,,,,
HH-139,Ulmus species,Parthenocissus quinquefolia,Lonicera maackii,Tilia americana,Arisaema triphyllum,Alliaria petiolata,Ulmus rubra,Viburnum opulus,Rhamnus cathartica,,,,,,,,,,,,,,
HH-147,Parthenocissus quinquefolia,Impatiens capensis,Fraxinus pennsylvanica subintegerrima,Lonicera maackii,Quercus macrocarpa,Acer nigrum,Juglans nigra,Alliaria petiolata,Rhamnus cathartica,,,,,,,,,,,,,,
HH-79,Parthenocissus quinquefolia,Viburnum recognitum,Ulmus americana,Euonymus species,Tilia americana,Acer nigrum,Quercus rubra,Juglans nigra,Alliaria petiolata,,,,,,,,,,,,,,
J-121,Ulmus americana,Tilia americana,NONE,Ostrya virginiana,Acer nigrum,Hackelia virginiana,Quercus alba,Prunus virginiana,Alliaria petiolata,,,,,,,,,,,,,,
K-107,Fraxinus pennsylvanica subintegerrima,Circaea lutetiana canadensis,Ostrya virginiana,Acer nigrum,Quercus rubra,Smilacina racemosa,Quercus alba,Tilia americana,Thalictrum dioicum,,,,,,,,,,,,,,
KK-122,Parthenocissus quinquefolia,Circaea lutetiana canadensis,Ulmus americana,Salix nigra,Rosa multiflora,Rubus allegheniensis,Juglans nigra,Alliaria petiolata,Rhamnus cathartica,,,,,,,,,,,,,,
LL-114,Circaea lutetiana canadensis,Tilia americana,Rubus allegheniensis,Prunus serotina,Quercus rubra,Quercus alba,Alliaria petiolata,Fraxinus americana,Rhamnus cathartica,,,,,,,,,,,,,,
LL-135,Parthenocissus quinquefolia,Prunus serotina,Quercus rubra,Geum canadense,Quercus alba,Tilia americana,Ulmus rubra,Fraxinus americana,Rhamnus cathartica,,,,,,,,,,,,,,
M-118,Circaea lutetiana canadensis,Ostrya virginiana,Quercus macrocarpa,Geranium maculatum,Acer nigrum,Rhus radicans,Prunus virginiana,Tilia americana,Fraxinus americana,,,,,,,,,,,,,,
N-116,Sanguinaria canadensis,Ulmus americana,Solidago flexicaulis,Acer nigrum,Podophyllum peltatum,Quercus alba,Tilia americana,Unidentified species,Fraxinus americana,,,,,,,,,,,,,,
NN-140,Parthenocissus quinquefolia,Ostrya virginiana,Acer nigrum,Quercus rubra,Ribes missouriense,Geum canadense,Juglans nigra,Tilia americana,Quercus bicolor,,,,,,,,,,,,,,
NN-146,Parthenocissus quinquefolia,Lonicera maackii,Geum canadense,Juglans nigra,Prunus virginiana,Tilia americana,Ulmus rubra,Fraxinus americana,Rhamnus cathartica,,,,,,,,,,,,,,
OO-116,Parthenocissus quinquefolia,Ulmus americana,Quercus macrocarpa,Acer nigrum,Quercus rubra,Crataegus species,NONE,Fraxinus americana,Rhamnus cathartica,,,,,,,,,,,,,,
P-124,Ostrya virginiana,Geranium maculatum,Acer nigrum,Quercus rubra,Ribes missouriense,Allium tricoccum,Smilacina racemosa,Quercus alba,Dioscorea villosa,,,,,,,,,,,,,,
PP-124,Parthenocissus quinquefolia,Lonicera maackii,Acer negundo,Geum canadense,Crataegus species,Carex species,Alliaria petiolata,Acer species,Rhamnus cathartica,,,,,,,,,,,,,,
PP-135,Fraxinus pennsylvanica subintegerrima,Lonicera maackii,Carya cordiformis,Quercus alba,Geum canadense,Juglans nigra,Carex species,Tilia americana,Ulmus rubra,,,,,,,,,,,,,,
QQ-111,Cladrastis lutea,Viburnum species,Celastrus scandens,Lonicera maackii,Prunus serotina,Smilacina racemosa,Quercus alba,Fraxinus americana,Rhamnus cathartica,,,,,,,,,,,,,,
R-109,Parthenocissus quinquefolia,Impatiens capensis,Polygonum virginianum,Tilia americana,Acer nigrum,Geum canadense,Quercus alba,Alliaria petiolata,Ulmus rubra,,,,,,,,,,,,,,
RR-126,Parthenocissus quinquefolia,Circaea lutetiana canadensis,Lonicera maackii,Quercus macrocarpa,Acer negundo,Prunus serotina,Alliaria petiolata,Ranunculus species,Rhamnus cathartica,,,,,,,,,,,,,,
RR-139,Parthenocissus quinquefolia,Ulmus americana,Polygonatum canaliculatum,Geranium maculatum,Acer nigrum,Quercus alba,Tilia americana,Fraxinus americana,Rhamnus cathartica,,,,,,,,,,,,,,
S-86,Parthenocissus quinquefolia,Cornus racemosa,Ostrya virginiana,Prunus serotina,Vitis riparia,Geum canadense,Quercus alba,NONE,Alliaria petiolata,,,,,,,,,,,,,,
SS-102,Cirsium arvense,Parthenocissus quinquefolia,Bromus inermis,Poa pratensis,Rubus allegheniensis,Barbarea vulgaris,NONE,Melilotus officinalis,Potentilla recta,,,,,,,,,,,,,,
T-74,Parthenocissus quinquefolia,Ulmus americana,Geranium maculatum,Prunus serotina,Vitis riparia,Quercus alba,Alliaria petiolata,Allium canadense,Viburnumspecies,,,,,,,,,,,,,,
T-77,Parthenocissus quinquefolia,Circaea lutetiana canadensis,Viburnum rafinesquianum,Acer nigrum,Acer species,Quercus alba,NONE,Alliaria petiolata,Viburnum opulus,,,,,,,,,,,,,,
T-88,Parthenocissus quinquefolia,Carya ovata,Circaea lutetiana canadensis,Geranium maculatum,Aesculus glabra,Quercus rubra,Quercus alba,Tilia americana,Unidentified species,,,,,,,,,,,,,,
TT-137,Parthenocissus quinquefolia,Ulmus americana,Tilia americana,Ostrya virginiana,Prunus serotina,Smilacina racemosa,Quercus alba,Alliaria petiolata,Fraxinus americana,,,,,,,,,,,,,,
U-96,Fraxinus pennsylvanica subintegerrima,Ulmus americana,Poa pratensis,Quercus macrocarpa,Geranium maculatum,Ambrosia artemisiifolia elatior,NONE,Alliaria petiolata,Taraxacum officinale,,,,,,,,,,,,,,
V-136,Parthenocissus quinquefolia,Viburnum recognitum,Tilia americana,Acer nigrum,Prunus serotina,Crataegus species,Alliaria petiolata,Unidentified species,Rhamnus cathartica,,,,,,,,,,,,,,
WW-146,Parthenocissus quinquefolia,Fraxinus pennsylvanica subintegerrima,Lonicera maackii,Quercus macrocarpa,Acer nigrum,Rosa multiflora,Rubus occidentalis,Juglans nigra,Tilia americana,,,,,,,,,,,,,,
X-118,Ostrya virginiana,Geranium maculatum,Acer nigrum,Quercus rubra,Prunus serotina,Podophyllum peltatum,Smilacina racemosa,Tilia americana,Arisaema triphyllum,,,,,,,,,,,,,,
X-125,Fraxinus pennsylvanica subintegerrima,Circaea lutetiana canadensis,Tilia americana,Ostrya virginiana,Acer nigrum,Prunus serotina,Quercus rubra,Quercus alba,Alliaria petiolata,,,,,,,,,,,,,,
X-139,Cirsium arvense,Convolvulus sepium,Impatiens capensis,NONE,Pastinaca sativa,Carex species,Alliaria petiolata,Ambrosia trifida,Phalaris arundinacea,,,,,,,,,,,,,,
X-143,Cirsium arvense,Coronilla varia,Dipsacus sylvestris,Agropyron repens,Poa pratensis,Prunus species,Vitis riparia,NONE,Unidentified species,,,,,,,,,,,,,,
XX-104,Cirsium arvense,Parthenocissus quinquefolia,Celastrus scandens,Bromus inermis,Poa pratensis,Rubus allegheniensis,Convolvulus arvensis,NONE,Melilotus officinalis,,,,,,,,,,,,,,
XX-142,Parthenocissus quinquefolia,Circaea lutetiana canadensis,Ulmus americana,Lonicera maackii,Ostrya virginiana,Acer negundo,Prunus serotina,Tilia americana,Fraxinus americana,,,,,,,,,,,,,,
YY-123,Lonicera maackii,Acer negundo,Prunus serotina,Vitis riparia,Ribes missouriense,Aster species,Celtis occidentalis,Crataegus species,Rhamnus cathartica,,,,,,,,,,,,,,
Z-122,Impatiens capensis,Circaea lutetiana canadensis,Fraxinus pennsylvanica subintegerrima,Ranunculus hispidus,Tilia americana,Ostrya virginiana,Acer nigrum,NONE,Alliaria petiolata,,,,,,,,,,,,,,
ZZ-132,Parthenocissus quinquefolia,Viburnum recognitum,Quercus macrocarpa,Acer negundo,Prunus serotina,Juglans nigra,Tilia americana,Ulmus rubra,Viburnum opulus,,,,,,,,,,,,,,
ZZ-142,Parthenocissus quinquefolia,Fraxinus pennsylvanica subintegerrima,Carya cordiformis,Ostrya virginiana,Prunus serotina,Smilacina racemosa,Prunus virginiana,Tilia americana,Unidentified species,,,,,,,,,,,,,,
C-105,Parthenocissus quinquefolia,Physalis virginiana,Cornus racemosa,Poa pratensis,Solidago canadensis,Agrimonia gryposepala,Convolvulus arvensis,NONE,Fragaria virginiana,Rhamnus cathartica,,,,,,,,,,,,,
CC-86,Parthenocissus quinquefolia,Circaea lutetiana canadensis,Lonicera maackii,Euonymus atropurpureus,Ostrya virginiana,Acer nigrum,Quercus rubra,Smilacina racemosa,Alliaria petiolata,Phryma leptostachya,,,,,,,,,,,,,
D-123,Viola species,Circaea lutetiana canadensis,Ulmus americana,Tilia americana,Lonicera tatarica,Quercus macrocarpa,Geum canadense,Impatiens pallida,Alliaria petiolata,Unidentified species,,,,,,,,,,,,,
D-125,Circaea lutetiana canadensis,Tilia americana,Acer nigrum,Rhus radicans,Hackelia virginiana,Geum canadense,Smilacina racemosa,Quercus alba,NONE,Alliaria petiolata,,,,,,,,,,,,,
DD-103,Parthenocissus quinquefolia,Panicum spretum,Bromus inermis,Phleum pratense,Poa pratensis,Rhus radicans,Trifolium hybridum,NONE,Fragaria virginiana,Dactylis glomerata,,,,,,,,,,,,,
DD-145,Ulmus species,Lonicera maackii,Prunus serotina,Quercus rubra,Crataegus species,Juglans nigra,Alliaria petiolata,Unidentified species,Ulmus rubra,Rhamnus cathartica,,,,,,,,,,,,,
F-108,Circaea lutetiana canadensis,Lonicera maackii,Ostrya virginiana,Prunus serotina,Quercus rubra,Rubus occidentalis,Eupatorium rugosum,Alliaria petiolata,Unidentified species,Rhamnus cathartica,,,,,,,,,,,,,
F-119,Parthenocissus quinquefolia,Circaea lutetiana canadensis,Solidago flexicaulis,Tilia americana,Ostrya virginiana,Rhus radicans,NONE,Alliaria petiolata,Aster lateriflorus,Unidentified species,,,,,,,,,,,,,
F-122,Circaea lutetiana canadensis,Polygonum virginianum,Smilacina racemosa,Ulmus americana,Quercus macrocarpa,Hackelia virginiana,Geum canadense,Rubus occidentalis,Impatiens pallida,Unidentified species,,,,,,,,,,,,,
GG-92,Ulmus americana,Ostrya virginiana,Quercus alba,Acer nigrum,Quercus rubra,Vitis riparia,Smilacina racemosa,Juglans nigra,Viola pubescens,Tilia americana,,,,,,,,,,,,,
H-127,Festuca species,Lonicera maackii,Phleum pratense,Poa pratensis,Rhus radicans,Achillea millefolium,Plantago lanceolata,NONE,Fragaria virginiana,Dactylis glomerata,,,,,,,,,,,,,
HB-126,Parthenocissus quinquefolia,Fraxinus pennsylvanica subintegerrima,Circaea lutetiana canadensis,Lonicera maackii,Lonicera tatarica,Rosa multiflora,Rhus radicans,Geum canadense,Aster lateriflorus,Rhamnus cathartica,,,,,,,,,,,,,
HB-129,Ulmus species,Parthenocissus quinquefolia,Morus alba,Circaea lutetiana canadensis,Polygonum virginianum,Lonicera maackii,Tilia americana,Smilax lasioneura,Viola species,Ulmus rubra,,,,,,,,,,,,,
HH-110,Parthenocissus quinquefolia,Circaea lutetiana canadensis,Ulmus americana,Alliaria petiolata,Leersia virginica,Quercus rubra,Quercus alba,NONE,Viola species,Fraxinus americana,,,,,,,,,,,,,
HH-126,Quercus palustris,Ulmus americana,Lonicera maackii,Poa pratensis,Rosa multiflora,Prunus serotina,Rhus radicans,Geum canadense,Prunus virginiana,Rhamnus cathartica,,,,,,,,,,,,,
HH-87,Cladrastis lutea,Ulmus americana,Euonymus species,NONE,Poa pratensis,Agrimonia gryposepala,Acer nigrum,Geum canadense,Carex species,Alliaria petiolata,,,,,,,,,,,,,
I-109,Ostrya virginiana,Quercus macrocarpa,Geranium maculatum,Prunus serotina,Smilacina racemosa,NONE,Alliaria petiolata,Caulophyllum thalictroides,Fraxinus americana,Helianthus species,,,,,,,,,,,,,
II-90,Parthenocissus quinquefolia,Circaea lutetiana canadensis,Ostrya virginiana,Acer nigrum,Osmunda claytoniana,Prunus serotina,Quercus rubra,Rhus radicans,Smilacina racemosa,Alliaria petiolata,,,,,,,,,,,,,
JJ-121,Parthenocissus quinquefolia,Circaea lutetiana canadensis,Polygonum virginianum,Ulmus americana,Quercus macrocarpa,Prunus serotina,Quercus alba,NONE,Alliaria petiolata,Arisaema triphyllum,,,,,,,,,,,,,
KK-116,Parthenocissus quinquefolia,Lonicera maackii,Acer nigrum,Prunus serotina,Rhus radicans,Quercus alba,Tilia americana,Euonymus alatus,Fraxinus americana,Menispermum canadense,,,,,,,,,,,,,
LL-122,Polygonum virginianum,Ranunculus hispidus,NONE,Salix nigra,Geum canadense,Carex species,Viola species,Chenopodium album,Solanum species,Phalaris arundinacea,,,,,,,,,,,,,
NN-118,Parthenocissus quinquefolia,Circaea lutetiana canadensis,Ulmus americana,Lonicera maackii,Ulmus rubra,Fraxinus americana,Crataegus species,Quercus alba,Unidentified species,Arisaema triphyllum,,,,,,,,,,,,,
NN-145,Parthenocissus quinquefolia,Smilacina species,Ostrya virginiana,Quercus alba,Ribes missouriense,Geum canadense,Juglans nigra,Tilia americana,Ulmus rubra,Fraxinus americana,,,,,,,,,,,,,
NN-97,Cirsium arvense,Parthenocissus quinquefolia,Ulmus americana,Solidago graminifolia,Lonicera maackii,Rubus allegheniensis,Prunus serotina,Lonicera species,Crataegus species,Galium species,,,,,,,,,,,,,
OO-130,Circaea lutetiana canadensis,Unidentified species,Lonicera maackii,Tilia americana,Acer nigrum,Prunus serotina,Celtis occidentalis,Alliaria petiolata,Ulmus rubra,Fraxinus americana,,,,,,,,,,,,,
OO-95,Parthenocissus quinquefolia,Ulmus americana,Solidago graminifolia,Lonicera maackii,Quercus macrocarpa,Ribes species,Rubus allegheniensis,Quercus rubra,Eupatorium rugosum,Unidentified species,,,,,,,,,,,,,
PP-107,Bromus inermis,Poa pratensis,Lonicera tatarica,Prunus americana,Convolvulus arvensis,Rhus radicans,Rosa species,NONE,Potentilla recta,Physalis species,,,,,,,,,,,,,
PP-134,Parthenocissus quinquefolia,Morus alba,Ulmus americana,Tilia americana,Carya cordiformis,Acer nigrum,Geum canadense,NONE,Alliaria petiolata,Arisaema triphyllum,,,,,,,,,,,,,
PP-143,Parthenocissus quinquefolia,Circaea lutetiana canadensis,Smilacina species,Prunus serotina,Quercus rubra,Quercus alba,Prunus virginiana,Tilia americana,Unidentified species,Quercus bicolor,,,,,,,,,,,,,
Q-120,Parthenocissus quinquefolia,Solidago ulmifolia,Lonicera prolifera,Acer nigrum,Quercus rubra,Fraxinus americana,NONE,Tilia americana,Unidentified species,Arisaema triphyllum,,,,,,,,,,,,,
QQ-133,Circaea lutetiana canadensis,Lonicera maackii,Tilia americana,Prunus serotina,Quercus rubra,Smilacina racemosa,Alliaria petiolata,Unidentified species,Ulmus rubra,Rhamnus cathartica,,,,,,,,,,,,,
QQ-139,Parthenocissus quinquefolia,Carex pensylvanica,Ulmus americana,Lonicera tatarica,Quercus alba,Rhamnus cathartica,Tilia americana,Euonymus alatus,Fraxinus americana,Polygonatum canaliculatum,,,,,,,,,,,,,
QQ-140,Ulmus species,Parthenocissus quinquefolia,Acer nigrum,Quercus rubra,Ribes missouriense,Rhus radicans,Quercus alba,Tilia americana,Fraxinus americana,Polygonatum canaliculatum,,,,,,,,,,,,,
R-86,Parthenocissus quinquefolia,Circaea lutetiana canadensis,Cornus racemosa,Tilia americana,Geranium maculatum,Aesculus species,Prunus serotina,Juglans nigra,NONE,Alliaria petiolata,,,,,,,,,,,,,
RR-129,Morus alba,Lonicera maackii,Quercus macrocarpa,Robinia pseudocacia,Tilia americana,Robinia pseudoacacia,Unidentified species,Ulmus pumila,Ulmus rubra,Rhamnus cathartica,,,,,,,,,,,,,
S-72,Parthenocissus quinquefolia,Viburnum species,Lonicera maackii,Quercus alba,Viburnum prunifolium,Rhus radicans,Rhamnus frangula,Juglans nigra,Viburnum opulus,Rhamnus cathartica,,,,,,,,,,,,,
T-122,Solidago flexicaulis,Carya cordiformis,Geranium maculatum,Acer nigrum,Quercus rubra,Smilacina racemosa,Quercus alba,Impatiens pallida,Fraxinus americana,Hydrophyllum virginianum,,,,,,,,,,,,,
T-127,Parthenocissus quinquefolia,Asimina species,Tilia americana,Geranium maculatum,Acer nigrum,Crataegus species,Alliaria petiolata,Unidentified species-3-leaved,Fraxinus seedling,Hydrophyllum virginianum,,,,,,,,,,,,,
TT-110,Parthenocissus quinquefolia,Circaea lutetiana canadensis,Ulmus americana,Lonicera maackii,Tilia americana,Quercus macrocarpa,Prunus serotina,Smilacina racemosa,Alliaria petiolata,Rhamnus cathartica,,,,,,,,,,,,,
UU-100,Convolvulus sepium,Bromus inermis,Poa pratensis,Prunus americana,Chrysanthemum leucanthemum pinnatifidum,Prunus serotina,Vitis riparia,Crataegus species,NONE,Melilotus officinalis,,,,,,,,,,,,,
UU-132,Parthenocissus quinquefolia,Ranunculus hispidus,Lonicera maackii,Tilia americana,Acer nigrum,Prunus serotina,Quercus rubra,Smilacina racemosa,Alliaria petiolata,Rhamnus cathartica,,,,,,,,,,,,,
V-121,Parthenocissus quinquefolia,Fraxinus pennsylvanica subintegerrima,Unidentified species,Tilia americana,Acer nigrum,Smilacina racemosa,Quercus alba,Alliaria petiolata,Caulophyllum thalictroides,Arisaema triphyllum,,,,,,,,,,,,,
XX-125,Circaea lutetiana canadensis,Lonicera maackii,Alliaria petiolata,Rosa multiflora,Acer nigrum,Geum canadense,Viola species,Unidentified species,Fraxinus americana,Rhamnus cathartica,,,,,,,,,,,,,
Y-112,Circaea lutetiana canadensis,Ostrya virginiana,Quercus macrocarpa,Acer nigrum,Prunus serotina,Quercus rubra,Smilacina racemosa,Quercus alba,Unidentified species,Fraxinus americana,,,,,,,,,,,,,
Y-80,Parthenocissus quinquefolia,Boehmeria cylindrica,Viburnum species,Ulmus americana,Quercus macrocarpa,Osmunda claytoniana,Carex species,Aster lateriflorus,Quercus bicolor,Rhamnus cathartica,,,,,,,,,,,,,
Z-118,Ulmus americana,Tilia americana,Ostrya virginiana,Acer nigrum,Fraxinus americana,Smilacina racemosa,Quercus alba,Prunus virginiana,Alliaria petiolata,Ulmus species,,,,,,,,,,,,,
Z-132,Parthenocissus quinquefolia,Impatiens capensis,Circaea lutetiana canadensis,Acer nigrum,Prunus serotina,Smilacina racemosa,Quercus alba,NONE,Alliaria petiolata,Ulmus rubra,,,,,,,,,,,,,
Z-82,Parthenocissus quinquefolia,Ulmus americana,Lonicera tatarica,Quercus alba,Acer nigrum,Quercus rubra,Juglans nigra,NONE,Arisaema triphyllum,Rhamnus cathartica,,,,,,,,,,,,,
Z-86,Parthenocissus quinquefolia,Circaea lutetiana canadensis,Ulmus americana,Quercus alba,Quercus rubra,Celtis occidentalis,Juglans nigra,Tilia americana,Arisaema triphyllum,Rhamnus cathartica,,,,,,,,,,,,,
A-124,Parthenocissus quinquefolia,Sanguinaria canadensis,Carex pensylvanica,Tilia americana,Ostrya virginiana,Acer nigrum,Prunus serotina,Hackelia virginiana,Eupatorium rugosum,Alliaria petiolata,Taraxacum officinale,,,,,,,,,,,,
A-131,Parthenocissus quinquefolia,Viburnum opulus,Lonicera maackii,Ostrya virginiana,Quercus macrocarpa,Vitis riparia,Fraxinus americana,Rhus radicans,Tilia americana,Arisaema triphyllum,Rhamnus cathartica,,,,,,,,,,,,
A-135,Parthenocissus quinquefolia,Circaea lutetiana canadensis,Carya species,Lonicera maackii,Cercis canadensis,Fraxinus americana,Crataegus species,Juglans nigra,Unidentified species,Arisaema triphyllum,Rhamnus cathartica,,,,,,,,,,,,
AA-129,Parthenocissus quinquefolia,Fraxinus pennsylvanica subintegerrima,Circaea lutetiana canadensis,Ulmus americana,Tilia americana,Ostrya virginiana,Acer nigrum,Prunus serotina,Celtis occidentalis,Impatiens pallida,Alliaria petiolata,,,,,,,,,,,,
BB-107,Fraxinus pennsylvanica subintegerrima,Ulmus americana,Solidago flexicaulis,Lonicera maackii,Lonicera tatarica,Acer nigrum,Smilacina racemosa,Quercus alba,Aster lateriflorus,Fraxinus americana,Rhamnus cathartica,,,,,,,,,,,,
BB-121,Ulmus americana,Ostrya virginiana,Ribes species,Asarum canadense,Acer nigrum,Quercus rubra,Carex species,Alliaria petiolata,Unidentified species,Fraxinus americana,Rhamnus cathartica,,,,,,,,,,,,
C-123,Circaea lutetiana canadensis,Ulmus americana,Tilia americana,Ostrya virginiana,Hackelia virginiana,Geum canadense,Quercus alba,NONE,Alliaria petiolata,Aster lateriflorus,Fraxinus americana,,,,,,,,,,,,
CC-138,Parthenocissus quinquefolia,Fraxinus pennsylvanica subintegerrima,Ulmus americana,Acer negundo,Acer saccharinum,Hydrophyllum virginianum,Carex species,Glyceria striata,Unidentified species,Ulmus species,Rhamnus cathartica,,,,,,,,,,,,
CC-96,Parthenocissus quinquefolia,Fraxinus pennsylvanica subintegerrima,Circaea lutetiana canadensis,Tilia americana,Ostrya virginiana,Acer nigrum,Quercus rubra,Quercus alba,Alliaria petiolata,Unidentified species,Rhamnus cathartica,,,,,,,,,,,,
D-134,Parthenocissus quinquefolia,Circaea lutetiana canadensis,Ulmus americana,Lonicera maackii,Acer nigrum,Arisaema triphyllum,Prunus virginiana,Tilia americana,Ulmus rubra,Fraxinus americana,Rhamnus cathartica,,,,,,,,,,,,
DD-100,Acer platanoides,Circaea lutetiana canadensis,Fraxinus pennsylvanica subintegerrima,Acer nigrum,Taraxacum officinale,Rubus idaeus strigosus,Crataegus species,Quercus alba,NONE,Tilia americana,Arisaema triphyllum,,,,,,,,,,,,
DD-148,Parthenocissus quinquefolia,Fraxinus pennsylvanica subintegerrima,Lonicera maackii,Tilia americana,Quercus macrocarpa,Prunus serotina,Rhus radicans,Crataegus species,Alliaria petiolata,Unidentified species,Rhamnus cathartica,,,,,,,,,,,,
E-109,Staphylea trifolia,Ulmus americana,Lonicera maackii,Euonymus atropurpureus,Acer negundo,Rosa multiflora,Crataegus species,Prunus virginiana,Unidentified species,Fraxinus americana,Rhamnus cathartica,,,,,,,,,,,,
EE-77,Parthenocissus quinquefolia,Tilia americana,Euonymus atropurpureus,Acer nigrum,Osmunda claytoniana,Geum canadense,Smilacina racemosa,Juglans nigra,Impatiens pallida,Alliaria petiolata,Arisaema triphyllum,,,,,,,,,,,,
FF-112,Parthenocissus quinquefolia,Fraxinus pennsylvanica subintegerrima,Circaea lutetiana canadensis,Viburnum species,Prunus species,Acer nigrum,Prunus serotina,Rhus radicans,Hackelia virginiana,Alliaria petiolata,Fraxinus americana,,,,,,,,,,,,
FF-114,Parthenocissus quinquefolia,Circaea lutetiana canadensis,Ulmus americana,Prunus virginiana,Rosa multiflora,Prunus serotina,Acer nigrum,Crataegus species,Quercus alba,Carex species,Arisaema triphyllum,,,,,,,,,,,,
FF-94,Rumex crispus,Agropyron repens,Festuca elatior,Poa pratensis,Oxalis stricta,Ambrosia artemisiifolia elatior,Trifolium hybridum,NONE,Chenopodium album,Daucus carota,Dactylis glomerata,,,,,,,,,,,,
G-126,Fraxinus species,Tilia americana,Ostrya virginiana,Geranium maculatum,Agrimonia gryposepala,Acer nigrum,Prunus serotina,NONE,Alliaria petiolata,Aster lateriflorus,Carex hirtifolia,,,,,,,,,,,,
HA-147,Fraxinus pennsylvanica subintegerrima,Lonicera maackii,Rosa multiflora,Prunus serotina,Geum canadense,Crataegus species,Juglans nigra,Tilia americana,Quercus bicolor,Ulmus rubra,Rhamnus cathartica,,,,,,,,,,,,
HC-130,Parthenocissus quinquefolia,Fraxinus pennsylvanica subintegerrima,Fraxinus species,Viburnum opulus,Lonicera maackii,Tilia americana,Juglans nigra,Alliaria petiolata,Ulmus rubra,Fraxinus americana,Rhamnus cathartica,,,,,,,,,,,,
HD-135,Parthenocissus quinquefolia,Circaea lutetiana canadensis,Ostrya virginiana,Quercus macrocarpa,Acer nigrum,Prunus serotina,Quercus rubra,Arisaema triphyllum,Juglans nigra,Tilia americana,Fraxinus americana,,,,,,,,,,,,
HD-142,Ulmus species,Parthenocissus quinquefolia,Lonicera tatarica,Quercus macrocarpa,Acer negundo,Prunus serotina,Quercus rubra,Smilacina racemosa,Tilia americana,Ulmus rubra,Rhamnus cathartica,,,,,,,,,,,,
HH-85,Parthenocissus quinquefolia,Tilia americana,Pinus resinosa,Quercus rubra,Vitis riparia,Rhus radicans,Geum canadense,Rubus occidentalis,Galium species,Carex species,Alliaria petiolata,,,,,,,,,,,,
HH-96,Parthenocissus quinquefolia,Solidago ulmifolia,Lonicera maackii,Ostrya virginiana,Rubus allegheniensis,Galium species,Crataegus species,Smilacina racemosa,NONE,Tilia americana,Unidentified species,,,,,,,,,,,,
I-107,Fraxinus pennsylvanica subintegerrima,Ulmus americana,Ostrya virginiana,Quercus macrocarpa,Geranium maculatum,Acer nigrum,Prunus serotina,Smilacina racemosa,Alliaria petiolata,Ulmus rubra,Arisaema triphyllum,,,,,,,,,,,,
II-122,Parthenocissus quinquefolia,Circaea lutetiana canadensis,Lonicera maackii,Quercus macrocarpa,Acer nigrum,Quercus rubra,Fraxinus americana,Rhus radicans,Alliaria petiolata,Ulmus rubra,Viburnum opulus,,,,,,,,,,,,
JJ-114,Anemonella thalictroides,Parthenocissus quinquefolia,Circaea lutetiana canadensis,Ulmus americana,Geranium maculatum,Prunus serotina,Quercus alba,Malus species,Tilia americana,Euonymus alatus,Fraxinus americana,,,,,,,,,,,,
JJ-140,Parthenocissus quinquefolia,Circaea lutetiana canadensis,Smilacina species,Tilia americana,Geranium maculatum,Quercus rubra,Prunus serotina,Rhus radicans,Alliaria petiolata,Unidentified species,Ulmus rubra,,,,,,,,,,,,
KK-145,Parthenocissus quinquefolia,Lonicera maackii,Tilia americana,Ostrya virginiana,Prunus serotina,Crataegus species,Smilacina racemosa,Prunus virginiana,Alliaria petiolata,Ulmus rubra,Rhamnus cathartica,,,,,,,,,,,,
L-121,Parthenocissus quinquefolia,Ulmus americana,Ostrya virginiana,Acer nigrum,Rhus radicans,Crataegus species,Smilacina racemosa,NONE,Tilia americana,Unidentified species,Arisaema triphyllum,,,,,,,,,,,,
LL-103,Circaea lutetiana canadensis,Celastrus scandens,Solidago canadensis,Oxalis stricta,Quercus rubra,Hackelia virginiana,Smilacina racemosa,Eupatorium rugosum,Ulmus rubra,Solidago gigantea,Aster species,,,,,,,,,,,,
LL-119,Parthenocissus quinquefolia,Circaea lutetiana canadensis,Unidentified species,Quercus macrocarpa,Acer nigrum,Prunus serotina,Quercus rubra,Ribes missouriense,Alliaria petiolata,Ulmus rubra,Arisaema triphyllum,,,,,,,,,,,,
LL-141,Hydrastis canadensis,Parthenocissus quinquefolia,Circaea lutetiana canadensis,Smilacina species,Acer nigrum,Prunus serotina,Quercus rubra,Geum canadense,Prunus virginiana,Tilia americana,Rhamnus cathartica,,,,,,,,,,,,
MM-108,Festuca elatior,Potentilla norvegica,Glechoma hederacea,Phleum pratense,Agrimonia gryposepala,Poa pratensis,NONE,Aster species,Rhamnus cathartica,Taraxacum officinale,Dactylis glomerata,,,,,,,,,,,,
NN-89,Carex blanda,Viola species,Parthenocissus quinquefolia,Circaea lutetiana canadensis,Ulmus americana,Acer nigrum,Quercus rubra,Prunus serotina,Eupatorium rugosum,NONE,Alliaria petiolata,,,,,,,,,,,,
PP-146,Parthenocissus quinquefolia,Smilacina species,Tilia americana,Ostrya virginiana,Quercus macrocarpa,Prunus serotina,Ribes missouriense,Juglans nigra,Alliaria petiolata,Ulmus rubra,Arisaema triphyllum,,,,,,,,,,,,
RR-113,Parthenocissus quinquefolia,Circaea lutetiana canadensis,Carya cordiformis,Acer nigrum,Prunus serotina,Crataegus species,Smilacina racemosa,Quercus alba,Alliaria petiolata,Fraxinus americana,Rhamnus cathartica,,,,,,,,,,,,
RR-127,Tree species,Morus alba,Populus deltoides,Ulmus americana,Lonicera maackii,Acer negundo,Prunus serotina,Juglans nigra,Tilia americana,Unidentified species,Ulmus rubra,,,,,,,,,,,,
RR-131,Ulmus species,Ulmus americana,Lonicera maackii,Quercus macrocarpa,Acer nigrum,Prunus serotina,Celtis occidentalis,Gleditsia triacanthos,Tilia americana,Unidentified species,Ulmus rubra,,,,,,,,,,,,
RR-134,Parthenocissus quinquefolia,Ulmus americana,Tilia americana,Carya cordiformis,Oxalis stricta,Acer nigrum,Quercus rubra,Rhus radicans,Crataegus species,Alliaria petiolata,Rhamnus cathartica,,,,,,,,,,,,
RR-95,Circaea lutetiana canadensis,Solidago graminifolia,Campanula americana,Lonicera maackii,Quercus macrocarpa,Rubus allegheniensis,Geum canadense,Smilacina racemosa,Eupatorium rugosum,NONE,Alliaria petiolata,,,,,,,,,,,,
S-70,Parthenocissus quinquefolia,Circaea lutetiana canadensis,Viburnum species,Cornus racemosa,Quercus macrocarpa,Rosa multiflora,Quercus rubra,Quercus alba,NONE,Aster lateriflorus,Viburnum opulus,,,,,,,,,,,,
SS-105,Cornus racemosa,Bromus inermis,Poa pratensis,Prunus americana,Solidago canadensis,Chrysanthemum leucanthemum pinnatifidum,Trifolium pratense,NONE,Melilotus officinalis,Daucus carota,Physalis species,,,,,,,,,,,,
SS-106,Parthenocissus quinquefolia,Ulmus americana,Bromus inermis,Poa pratensis,Prunus americana,Rosa multiflora,Chrysanthemum leucanthemum pinnatifidum,NONE,Melilotus officinalis,Daucus carota,Physalis species,,,,,,,,,,,,
SS-113,Parthenocissus quinquefolia,Circaea lutetiana canadensis,Ulmus americana,Lonicera maackii,Tilia americana,Prunus serotina,Crataegus species,Quercus alba,Alliaria petiolata,Arisaema triphyllum,Rhamnus cathartica,,,,,,,,,,,,
TT-119,Cirsium arvense,Poa pratensis,Carex vulpinoidea,Pastinaca sativa,Solidago canadensis,Anemone caroliniana,NONE,Viola species,Daucus carota,Phalaris arundinacea,Aster species,,,,,,,,,,,,
TT-130,Parthenocissus quinquefolia,Morus alba,Unidentified species,Ulmus americana,Lonicera maackii,Prunus serotina,Celtis occidentalis,Crataegus species,Ulmus rubra,Fraxinus americana,Rhamnus cathartica,,,,,,,,,,,,
U-98,Ulmus species,Parthenocissus quinquefolia,Impatiens capensis,Fraxinus pennsylvanica subintegerrima,Polygonum virginianum,Ulmus americana,Quercus macrocarpa,Bidens frondosa,Tilia americana,Arisaema triphyllum,Rhamnus cathartica,,,,,,,,,,,,
V-84,Parthenocissus quinquefolia,Galium triflorum,Ulmus americana,Lonicera tatarica,Aesculus species,Prunus serotina,Vitis riparia,Quercus alba,Thalictrum dioicum,Ulmus rubra,Arisaema triphyllum,,,,,,,,,,,,
VV-109,Parthenocissus quinquefolia,Celastrus scandens,Andropogon gerardii,Erigeron annuus,Bromus inermis,Poa pratensis,Prunus serotina,Vitis riparia,NONE,Potentilla recta,Plantago lanceolata,,,,,,,,,,,,
W-109,Parthenocissus quinquefolia,Impatiens capensis,Carya ovata,Fraxinus pennsylvanica subintegerrima,Ulmus americana,Tilia americana,Prunus serotina,Pilea pumila,NONE,Alliaria petiolata,Arisaema triphyllum,,,,,,,,,,,,
W-136,Parthenocissus quinquefolia,Actinomeris alternifolia,Lonicera tatarica,Galium aparine,Vitis riparia,Juglans nigra,Rhus radicans,Smilacina racemosa,Eupatorium rugosum,Alliaria petiolata,Fraxinus americana,,,,,,,,,,,,
W-146,Parthenocissus quinquefolia,Viburnum species,Bromis inermis,Agropyron repens,Solidago canadensis,Monarda fistulosa,Rhus radicans,Convolvulus species,NONE,Fragaria virginiana,Daucus carota,,,,,,,,,,,,
W-72,Parthenocissus quinquefolia,Circaea lutetiana canadensis,Polygonum virginianum,Euonymus species,Quercus alba,Quercus rubra,Allium tricoccum,Potentilla simplex,NONE,Alliaria petiolata,Dactylis glomerata,,,,,,,,,,,,
W-91,Parthenocissus quinquefolia,Viburnum recognitum,Ulmus americana,Lonicera maackii,Tilia americana,Aesculus glabra,Prunus serotina,Quercus rubra,Quercus alba,Alliaria petiolata,Arisaema triphyllum,,,,,,,,,,,,
X-78,Aster sagittifolius drummondii,Parthenocissus quinquefolia,Quercus macrocarpa,Quercus rubra,Juglans nigra,Geum canadense,Rubus occidentalis,Prunella vulgaris lanceolata,Potentilla simplex,Aster lateriflorus,Rhamnus cathartica,,,,,,,,,,,,
Y-115,Boehmeria cylindrica,Leersia oryzoides,NONE,Quercus macrocarpa,Asarum canadense,Acer nigrum,Fraxinus quadrangulata,Juglans nigra,Impatiens pallida,Tilia americana,Menispermum canadense,,,,,,,,,,,,
Y-135,Boehmeria cylindrica,Geranium maculatum,Asarum canadense,Acer nigrum,Prunus serotina,Vitis riparia,Smilacina racemosa,Juglans nigra,NONE,Alliaria petiolata,Menispermum canadense,,,,,,,,,,,,
YY-122,Lonicera maackii,Poa pratensis,Solidago canadensis,Fragaria vesca americana,Rosa multiflora,Vitis riparia,Rhus radicans,Melilotus alba,NONE,Juniperus virginiana,Rhamnus cathartica,,,,,,,,,,,,
Z-124,Circaea lutetiana canadensis,Quercus macrocarpa,Asarum canadense,Acer nigrum,Rhus radicans,Acer saccharinum,Geum canadense,Crataegus species,NONE,Alliaria petiolata,Ulmus species,,,,,,,,,,,,
A-116,Duchesnea indica,Parthenocissus quinquefolia,Salix interior,Poa pratensis,Salix nigra,Rhus radicans,Geum canadense,Prunella vulgaris lanceolata,Carex species,Alliaria petiolata,Phalaris arundinacea,Aster species,,,,,,,,,,,
A-128,Circaea lutetiana canadensis,Ostrya virginiana,Quercus alba,Agrimonia gryposepala,Oxalis stricta,Aster shortii,Geum canadense,Rubus occidentalis,Smilacina racemosa,Eupatorium rugosum,Impatiens pallida,Tilia americana,,,,,,,,,,,
A-133,Parthenocissus quinquefolia,Circaea lutetiana canadensis,Unidentified species,Lonicera maackii,Quercus species,Acer nigrum,Prunus serotina,Quercus rubra,Arisaema triphyllum,Ulmus rubra,Fraxinus americana,Rhamnus cathartica,,,,,,,,,,,
AA-95,Parthenocissus quinquefolia,Hystrix patula,Circaea lutetiana canadensis,Ulmus americana,Ostrya virginiana,Geranium maculatum,Smilacina racemosa,Quercus alba,Prunus virginiana,Tilia americana,Ulmus rubra,Arisaema triphyllum,,,,,,,,,,,
AY-122,Coronilla varia,Erigeron annuus,Poa pratensis,Monarda fistulosa,Oxalis stricta,Prunus serotina,Aster species,Plantago lanceolata,Crataegus species,NONE,Daucus carota,Dactylis glomerata,,,,,,,,,,,
AY-124,Parthenocissus quinquefolia,Agrimonia species,Festuca elatior,Poa pratensis,Quercus macrocarpa,Rosa multiflora,Rhus radicans,Plantago lanceolata,NONE,Melilotus officinalis,Trifolium pratense,Aster species,,,,,,,,,,,
B-138,Allium stellatum,Parthenocissus quinquefolia,Rhus glabra,Bromus inermis,Poa pratensis,Prunus serotina,Convolvulus arvensis,NONE,Chrysanthemum leucanthemum pinnatifidum,Daucus carota,Potentilla recta,Dactylis glomerata,,,,,,,,,,,
BB-106,Ulmus americana,NONE,Poa pratensis,Agrimonia gryposepala,Oxalis stricta,Rosa multiflora,Prunus serotina,Rhus radicans,Geum canadense,Rhamnus cathartica,Fragaria virginiana,Dactylis glomerata,,,,,,,,,,,
CC-76,Parthenocissus quinquefolia,Circaea lutetiana canadensis,Campanula americana,Lonicera maackii,Ostrya virginiana,Taraxacum officinale,Prunus serotina,Quercus rubra,Eupatorium rugosum,Carex species,Euonymus alatus,Arisaema triphyllum,,,,,,,,,,,
DD-78,Parthenocissus quinquefolia,Circaea lutetiana canadensis,Ulmus americana,Lonicera maackii,Tilia americana,Ostrya virginiana,Acer nigrum,Prunus serotina,Smilacina racemosa,Eupatorium rugosum,Alliaria petiolata,Euonymus alatus,,,,,,,,,,,
G-109,Helianthus divaricatus,Parthenocissus quinquefolia,Circaea lutetiana canadensis,Ulmus americana,Acer nigrum,Quercus rubra,Geum canadense,Smilacina racemosa,Quercus alba,Alliaria petiolata,Arisaema triphyllum,Rhamnus cathartica,,,,,,,,,,,
H-115,Fraxinus pennsylvanica subintegerrima,Ulmus americana,Lonicera tatarica,Quercus macrocarpa,Quercus rubra,Hackelia virginiana,Impatiens species,Geum canadense,Alnus species,Alliaria petiolata,Arisaema triphyllum,Rhamnus cathartica,,,,,,,,,,,
HA-132,Viola species,Parthenocissus quinquefolia,Circaea lutetiana canadensis,Lonicera maackii,Tilia americana,Leersia virginica,Geum canadense,Eupatorium rugosum,Alliaria petiolata,Aster lateriflorus,Ulmus rubra,Rhamnus cathartica,,,,,,,,,,,
HB-138,Parthenocissus quinquefolia,Quercus palustris,Ulmus americana,Solanum dulcamara,Lonicera maackii,Ostrya virginiana,Quercus alba,Rhus radicans,Juglans nigra,Tilia americana,Fraxinus americana,Rhamnus cathartica,,,,,,,,,,,
HH-100,Aster sagittifolius drummondii,Solidago ulmifolia,Cornus racemosa,Anemone virginiana,Poa pratensis,Setaria species,Quercus rubra,Crataegus species,Fragaria virginiana,Carex hirtifolia,Fraxinus americana,Rhamnus cathartica,,,,,,,,,,,
HH-115,Parthenocissus quinquefolia,Circaea lutetiana canadensis,Euonymus species,Tilia americana,Ostrya virginiana,Prunus serotina,Fraxinus americana,Quercus alba,Alliaria petiolata,Ulmus rubra,Viburnum opulus,Rhamnus cathartica,,,,,,,,,,,
K-115,Anemonella thalictroides,Viburnum recognitum,Grass species,Quercus macrocarpa,Geranium maculatum,Acer nigrum,Quercus rubra,Crataegus species,Quercus alba,Rhamnus cathartica,Prenanthes species,Rhamnus frangula,,,,,,,,,,,
KK-119,Parthenocissus quinquefolia,Circaea lutetiana canadensis,Lonicera maackii,Ribes species,Acer nigrum,Quercus rubra,Fraxinus americana,Rhus radicans,Smilacina racemosa,Tilia americana,Unidentified species,Arisaema triphyllum,,,,,,,,,,,
LL-93,Parthenocissus quinquefolia,Circaea lutetiana canadensis,Ulmus americana,Lonicera maackii,Tilia americana,Acer nigrum,Osmunda claytoniana,Quercus rubra,Smilacina racemosa,NONE,Alliaria petiolata,Arisaema triphyllum,,,,,,,,,,,
MM-114,Circaea lutetiana canadensis,Ulmus americana,Lonicera maackii,Tilia americana,Ostrya virginiana,Quercus macrocarpa,Acer nigrum,Prunus serotina,Quercus alba,Alliaria petiolata,Fraxinus americana,Rhamnus cathartica,,,,,,,,,,,
PP-96,Parthenocissus quinquefolia,Solidago ulmifolia,Campanula americana,Lonicera maackii,Phytolacca americana,Ribes species,Rubus allegheniensis,Celtis occidentalis,Geum canadense,Juglans nigra,Alliaria petiolata,Rhamnus cathartica,,,,,,,,,,,
R-75,Parthenocissus quinquefolia,Circaea lutetiana canadensis,NONE,Quercus alba,Acer nigrum,Prunus serotina,Quercus rubra,Geum canadense,Eupatorium rugosum,Carex species,Alliaria petiolata,Thalictrum dioicum,,,,,,,,,,,
TT-121,Viola species,Fraxinus pennsylvanica subintegerrima,Lonicera maackii,Fragaria virginiana,Rhamnus cathartica,Acer negundo,Rosa multiflora,Rhus radicans,Carex species,Alliaria petiolata,Phalaris arundinacea,Hydrophyllum virginianum,,,,,,,,,,,
TT-145,Parthenocissus quinquefolia,Ulmus americana,Lonicera tatarica,Quercus alba,Ribes missouriense,Celtis occidentalis,Rubus occidentalis,Crataegus species,Smilacina racemosa,Juglans nigra,Tilia americana,Fraxinus americana,,,,,,,,,,,
U-107,Parthenocissus quinquefolia,Impatiens capensis,Circaea lutetiana canadensis,Populus deltoides,Ulmus americana,Geranium maculatum,Acer nigrum,Rhus radicans,Geum canadense,Alliaria petiolata,Unidentified species,Ulmus rubra,,,,,,,,,,,
U-110,Carex blanda,Impatiens capensis,Circaea lutetiana canadensis,Fraxinus pennsylvanica subintegerrima,Ulmus americana,Tilia americana,Geranium maculatum,Acer nigrum,Prunus serotina,NONE,Alliaria petiolata,Arisaema triphyllum,,,,,,,,,,,
U-111,Carya ovata,Circaea lutetiana canadensis,Ostrya virginiana,Quercus macrocarpa,Geranium maculatum,Acer nigrum,Prunus serotina,Quercus rubra,Quercus alba,Tilia americana,Ulmus rubra,Fraxinus americana,,,,,,,,,,,
V-76,Ulmus species,Quercus species,Quercus alba,Geranium maculatum,Acer nigrum,Quercus rubra,Geum canadense,Smilacina racemosa,Potentilla simplex,Impatiens pallida,Alliaria petiolata,Fraxinus americana,,,,,,,,,,,
X-93,Parthenocissus quinquefolia,Circaea lutetiana canadensis,Lonicera maackii,Quercus species,Ostrya virginiana,Quercus macrocarpa,Tilia americana,Quercus rubra,Quercus alba,Smilax lasioneura,Alliaria petiolata,Unidentified species,,,,,,,,,,,
XX-147,Parthenocissus quinquefolia,Fraxinus pennsylvanica subintegerrima,Tilia americana,Quercus macrocarpa,Geranium maculatum,Ribes missouriense,Crataegus species,Juglans nigra,Prunus virginiana,Alliaria petiolata,Unidentified species,Ulmus rubra,,,,,,,,,,,
Y-90,Parthenocissus quinquefolia,Viburnum recognitum,Viburnum opulus,Quercus macrocarpa,Acer nigrum,Quercus rubra,Quercus alba,Prunus virginiana,Tilia americana,Menispermum canadense,Arisaema triphyllum,Rhamnus cathartica,,,,,,,,,,,
YY-137,Parthenocissus quinquefolia,Circaea lutetiana canadensis,Smilax species,Ostrya virginiana,Quercus alba,Prunus serotina,Smilacina racemosa,Juglans nigra,NONE,Tilia americana,Ulmus rubra,Fraxinus americana,,,,,,,,,,,
YY-140,Parthenocissus quinquefolia,Fraxinus pennsylvanica subintegerrima,Morus alba,Ulmus americana,Lonicera maackii,Geranium maculatum,Rosa multiflora,Prunus serotina,Tilia americana,Unidentified species,Fraxinus americana,Menispermum canadense,,,,,,,,,,,
BB-115,Circaea lutetiana canadensis,Ulmus americana,Tilia americana,Ostrya virginiana,Quercus macrocarpa,Acer nigrum,Prunus serotina,Quercus rubra,Pilea pumila,Impatiens pallida,Alliaria petiolata,Unidentified species,Arisaema triphyllum,,,,,,,,,,
D-117,Parthenocissus quinquefolia,Ulmus americana,Tilia americana,Ostrya virginiana,Fraxinus americana,Rhus radicans,Juglans cinerea,Smilacina racemosa,NONE,Alliaria petiolata,Unidentified species,Arisaema triphyllum,Menispermum canadense,,,,,,,,,,
E-110,Parthenocissus quinquefolia,Lonicera maackii,Acer negundo,Rosa multiflora,Prunus serotina,Juglans nigra,Ribes missouriense,Crataegus species,Unidentified seedling,Alliaria petiolata,Unidentified species,Fraxinus americana,Rhamnus cathartica,,,,,,,,,,
F-112,Parthenocissus quinquefolia,Circaea lutetiana canadensis,Ulmus americana,Lonicera maackii,Poa pratensis,Agrimonia gryposepala,Prunus serotina,Quercus rubra,Geum canadense,Populus grandidentata,Alliaria petiolata,Aster lateriflorus,Fraxinus americana,,,,,,,,,,
F-118,Parthenocissus quinquefolia,Circaea lutetiana canadensis,Polygonum virginianum,Ulmus americana,Tilia americana,Ostrya virginiana,Quercus macrocarpa,Geum canadense,Arisaema triphyllum,Hackelia virginiana,Eupatorium rugosum,Alliaria petiolata,Fraxinus americana,,,,,,,,,,
FF-123,Impatiens capensis,Circaea lutetiana canadensis,Viburnum recognitum,Polygonum virginianum,Ulmus americana,Lonicera maackii,Quercus species,Ostrya virginiana,Ribes species,Acer nigrum,Alliaria petiolata,Unidentified species,Fraxinus americana,,,,,,,,,,
FF-91,Liriodendron tulipifera,Parthenocissus quinquefolia,Viburnum species,Ulmus americana,Lonicera tatarica,Acer nigrum,Prunus serotina,Quercus rubra,Smilacina racemosa,Quercus alba,Tilia americana,Arisaema triphyllum,Rhamnus cathartica,,,,,,,,,,
GG-94,Isopyrum biternatum,Circaea lutetiana canadensis,Solidago ulmifolia,Smilax species,Anemone quinquefolia,Acer nigrum,Quercus rubra,Prunus serotina,Ribes missouriense,Galium species,Quercus alba,NONE,Tilia americana,,,,,,,,,,
HB-125,Parthenocissus quinquefolia,Fraxinus pennsylvanica subintegerrima,Viburnum recognitum,Lonicera maackii,Solidago canadensis,Acer negundo,Rosa multiflora,Prunus serotina,Acer nigrum,Rhus radicans,Dactylis glomerata,Daucus carota,Rhamnus cathartica,,,,,,,,,,
HH-130,Parthenocissus quinquefolia,NONE,Poa pratensis,Ribes species,Oxalis stricta,Scirpus species,Convolvulus arvensis,Tragopogon dubius,Prunus virginiana,Ambrosia trifida,Daucus carota,Phalaris arundinacea,Dactylis glomerata,,,,,,,,,,
HH-93,Circaea lutetiana canadensis,Tilia americana,Quercus alba,Acer nigrum,Hackelia virginiana,Unidentified shrub,Smilacina racemosa,Potentilla simplex,NONE,Alliaria petiolata,Aster lateriflorus,Unidentified species,Arisaema triphyllum,,,,,,,,,,
I-116,Anemonella thalictroides,Fraxinus pennsylvanica subintegerrima,Circaea lutetiana canadensis,Polemonium reptans,Ostrya virginiana,Geranium maculatum,Quercus macrocarpa,Prunus serotina,Geum canadense,Hackelia virginiana,Quercus alba,Alliaria petiolata,Fraxinus americana,,,,,,,,,,
I-124,Parthenocissus quinquefolia,Circaea lutetiana canadensis,Viburnum species,Ostrya virginiana,Geranium maculatum,Acer nigrum,Quercus rubra,Geum canadense,Galium species,Quercus alba,NONE,Alliaria petiolata,Arisaema triphyllum,,,,,,,,,,
II-118,Parthenocissus quinquefolia,Circaea lutetiana canadensis,Ulmus americana,Euonymus species,Tilia americana,Ostrya virginiana,Acer nigrum,Prunus serotina,Fraxinus americana,Geum canadense,Quercus alba,Alliaria petiolata,Arisaema triphyllum,,,,,,,,,,
JJ-115,Parthenocissus quinquefolia,Viburnum species,Ulmus americana,Carya cordiformis,Ribes species,Geranium maculatum,Prunus serotina,Rhus radicans,Crataegus species,Quercus alba,Tilia americana,Fraxinus americana,Rhamnus cathartica,,,,,,,,,,
JJ-93,Viola species,Ulmus americana,Lonicera maackii,Tilia americana,Ostrya virginiana,Quercus alba,Geranium maculatum,Quercus rubra,Galium species,Eupatorium rugosum,NONE,Alliaria petiolata,Unidentified species,,,,,,,,,,
MM-97,Parthenocissus quinquefolia,Hystrix patula,Ulmus americana,Solidago species,Lonicera maackii,Potentilla norvegica,Rubus allegheniensis,Prunus serotina,Rhus radicans,Lactuca canadensis,Smilacina racemosa,NONE,Fraxinus americana,,,,,,,,,,
N-128,Fraxinus pennsylvanica subintegerrima,Festuca species,Poa pratensis,Cercis canadensis,Oxalis stricta,Acer nigrum,Quercus coccinea,Rhus radicans,Aster species,Potentilla simplex,NONE,Tilia americana,Dactylis glomerata,,,,,,,,,,
NN-91,Viola species,Bidens cernua,Parthenocissus quinquefolia,Ulmus americana,Campanula americana,Lonicera maackii,Rubus allegheniensis,Lonicera species,Hackelia virginiana,Crataegus species,NONE,Alliaria petiolata,Arisaema triphyllum,,,,,,,,,,
OO-101,Parthenocissus quinquefolia,Circaea lutetiana canadensis,Celastrus scandens,Lonicera maackii,Geum canadense,Hackelia virginiana,Galium species,Eupatorium rugosum,Rubus occidentalis,Crataegus species,Ulmus rubra,Carex hirtifolia,Arisaema triphyllum,,,,,,,,,,
RR-128,Parthenocissus quinquefolia,Unidentified species,Ulmus americana,Lonicera maackii,Poa pratensis,Acer negundo,Rosa multiflora,Rubus allegheniensis,Aster species,Juglans nigra,Ulmus rubra,Taraxacum officinale,Rhamnus cathartica,,,,,,,,,,
S-75,Circaea lutetiana canadensis,Viburnum species,Lonicera maackii,Quercus alba,Solidago canadensis,Acer nigrum,Prunus serotina,Vitis riparia,Rubus occidentalis,Smilacina racemosa,Eupatorium rugosum,Thalictrum dioicum,Rhamnus cathartica,,,,,,,,,,
SS-104,Parthenocissus quinquefolia,Erigeron annuus,Cornus racemosa,Bromus inermis,Poa pratensis,Prunus americana,Oxalis stricta,Rubus allegheniensis,Melilotus officinalis,NONE,Chrysanthemum leucanthemum pinnatifidum,Daucus carota,Potentilla recta,,,,,,,,,,
U-125,Solidago species,Tilia americana,Ostrya virginiana,Geranium maculatum,Thalictrum dioicum,Acer nigrum,Unidentified forb,Quercus rubra,Aster species,Alliaria petiolata,Aster lateriflorus,Unidentified species,Hydrophyllum virginianum,,,,,,,,,,
U-74,Parthenocissus quinquefolia,Circaea lutetiana canadensis,Polygonum virginianum,Lonicera maackii,Acer nigrum,Prunus serotina,Quercus rubra,Geum canadense,Rubus occidentalis,Smilacina racemosa,Potentilla simplex,Alliaria petiolata,Taraxacum officinale,,,,,,,,,,
YY-119,Parthenocissus quinquefolia,Fraxinus pennsylvanica subintegerrima,Fraxinus species,Ulmus americana,Lonicera maackii,Poa pratensis,Prunus americana,Acer negundo,Rosa multiflora,Geum canadense,Carex species,Alliaria petiolata,Rhamnus cathartica,,,,,,,,,,
A-126,Circaea lutetiana canadensis,Galium triflorum,Polygonum virginianum,Tilia americana,NONE,Impatiens pallida,Oxalis stricta,Aster shortii,Geum canadense,Hackelia virginiana,Eupatorium rugosum,Carex species,Alliaria petiolata,Aster lateriflorus,,,,,,,,,
C-127,Circaea lutetiana canadensis,Polygonum virginianum,Ulmus americana,Campanula americana,Ostrya virginiana,Quercus alba,Quercus rubra,Hackelia virginiana,Geum canadense,Smilacina racemosa,Juglans nigra,Impatiens pallida,Tilia americana,Allium canadense,,,,,,,,,
CC-78,Parthenocissus quinquefolia,Circaea lutetiana canadensis,Tilia americana,NONE,Ostrya virginiana,Geranium maculatum,Acer nigrum,Quercus rubra,Geum canadense,Smilacina racemosa,Quercus alba,Impatiens pallida,Alliaria petiolata,Arisaema triphyllum,,,,,,,,,
EE-126,Parthenocissus quinquefolia,Ulmus americana,Solanum dulcamara,Lonicera maackii,Carex sparganioides,Quercus species,Gleditsia triacanthos,Tilia americana,Acer nigrum,Vitis riparia,Rhamnus species,Smilacina racemosa,Alliaria petiolata,Rhamnus cathartica,,,,,,,,,
EE-78,Parthenocissus quinquefolia,Acer rubrum,Ulmus americana,Lonicera maackii,Euonymus atropurpureus,Ostrya virginiana,Tilia americana,Geranium maculatum,Acer nigrum,Osmunda claytoniana,Ranunculus pensylvanicus,Rubus occidentalis,Alliaria petiolata,Arisaema triphyllum,,,,,,,,,
F-114,Parthenocissus quinquefolia,Circaea lutetiana canadensis,Helianthus strumosus,Campanula americana,Quercus species,Rhamnus cathartica,Geum canadense,Rubus occidentalis,NONE,Alliaria petiolata,Aster lateriflorus,Unidentified species,Arisaema triphyllum,Menispermum canadense,,,,,,,,,
FF-117,Parthenocissus quinquefolia,Circaea lutetiana canadensis,Ulmus americana,Ranunculus hispidus,Lonicera maackii,Ostrya virginiana,Prunus serotina,Quercus rubra,Geum canadense,Quercus alba,Alliaria petiolata,Dioscorea villosa,Ulmus rubra,Fraxinus americana,,,,,,,,,
FF-132,Asclepias meadii,Parthenocissus quinquefolia,Mint species,Poa pratensis,Prunus americana,NONE,Rosa multiflora,Convolvulus arvensis,Rhus radicans,Aster species,Trifolium pratense,Prunus virginiana,Daucus carota,Dactylis glomerata,,,,,,,,,
HB-131,Ulmus species,Parthenocissus quinquefolia,Ulmus americana,Quercus macrocarpa,Acer negundo,Prunus serotina,Rhus radicans,Rhamnus species,Geum canadense,Acer species,Tilia americana,Ulmus rubra,Fraxinus americana,Rhamnus cathartica,,,,,,,,,
HE-136,Aster pilosus,Parthenocissus quinquefolia,Boehmeria cylindrica,Cornus racemosa,Ulmus americana,Ostrya virginiana,Solidago canadensis,Rosa multiflora,Vitis riparia,Rhus radicans,Rubus occidentalis,Juglans nigra,Alliaria petiolata,Ulmus rubra,,,,,,,,,
LL-104,Parthenocissus quinquefolia,Circaea lutetiana canadensis,Tilia americana,Ostrya virginiana,Quercus alba,Polypodium virginianum,Prunus serotina,Rhus radicans,Hackelia virginiana,Galium species,Eupatorium rugosum,Alliaria petiolata,Aster lateriflorus,Ulmus rubra,,,,,,,,,
LL-110,Parthenocissus quinquefolia,Cladrastis lutea,Circaea lutetiana canadensis,Ulmus americana,Tilia americana,Carya cordiformis,Quercus alba,Rhus radicans,Hackelia virginiana,Smilacina racemosa,Juglans nigra,NONE,Alliaria petiolata,Arisaema triphyllum,,,,,,,,,
LL-90,Viola species,Parthenocissus quinquefolia,Viburnum recognitum,Ulmus americana,NONE,Quercus macrocarpa,Acer nigrum,Osmunda claytoniana,Prunus serotina,Geum canadense,Pilea pumila,Juglans nigra,Impatiens pallida,Alliaria petiolata,,,,,,,,,
NN-100,Parthenocissus quinquefolia,Circaea lutetiana canadensis,Ulmus americana,Campanula americana,Lonicera maackii,Tilia americana,Quercus alba,Prunus serotina,Geum canadense,Crataegus species,Eupatorium rugosum,Alliaria petiolata,Polypodium virginianum,Ulmus rubra,,,,,,,,,
NN-110,Fraxinus pennsylvanica subintegerrima,Celastrus scandens,Viburnum species,Ulmus americana,Lonicera maackii,Tilia americana,Quercus macrocarpa,Prunus serotina,Quercus rubra,Rubus occidentalis,Crataegus species,Juglans nigra,Alliaria petiolata,Rhamnus cathartica,,,,,,,,,
NN-136,Ulmus species,Parthenocissus quinquefolia,Circaea lutetiana canadensis,Lonicera maackii,Tilia americana,Geranium maculatum,Prunus serotina,Quercus rubra,Celtis occidentalis,Quercus alba,Alliaria petiolata,Unidentified species,Ulmus rubra,Rhamnus cathartica,,,,,,,,,
OO-146,Parthenocissus quinquefolia,Circaea lutetiana canadensis,Lonicera maackii,Glechoma hederacea,Geranium maculatum,Oxalis stricta,Acer nigrum,Sedge species,Rhus radicans,Ribes missouriense,Tilia americana,Ulmus rubra,Fraxinus americana,Rhamnus cathartica,,,,,,,,,
PP-92,Parthenocissus quinquefolia,Circaea lutetiana canadensis,Solidago species,Grass species,Acer negundo,Shrub species,Juglans nigra,Rhus radicans,Pilea pumila,Eupatorium rugosum,Alliaria petiolata,Unidentified species,Ulmus rubra,Vine species,,,,,,,,,
S-92,Parthenocissus quinquefolia,Fraxinus pennsylvanica subintegerrima,Circaea lutetiana canadensis,Viburnum recognitum,Ulmus americana,Lonicera maackii,Quercus macrocarpa,Cercis canadensis,Prunus serotina,Sambucus canadensis,Crataegus species,Impatiens pallida,Arisaema triphyllum,Rhamnus cathartica,,,,,,,,,
U-70,Parthenocissus quinquefolia,Fraxinus pennsylvanica subintegerrima,Circaea lutetiana canadensis,Viburnum rafinesquianum,Lonicera maackii,Quercus alba,Oxalis stricta,Geum canadense,Prunella vulgaris lanceolata,Eupatorium rugosum,Rhamnus cathartica,Aster lateriflorus,Taraxacum officinale,Dactylis glomerata,,,,,,,,,
UU-130,Parthenocissus quinquefolia,Circaea lutetiana canadensis,Unidentified species,Ulmus americana,Lonicera maackii,Ranunculus hispidus,Prunus serotina,Quercus rubra,Celtis occidentalis,Juglans nigra,Carex species,Alliaria petiolata,Ulmus rubra,Arisaema triphyllum,,,,,,,,,
WW-106,Carex blanda,Festuca elatior,NONE,Poa pratensis,Prunus americana,Solidago canadensis,Convolvulus arvensis,Vitis riparia,Achillea millefolium,Rhamnus cathartica,Viola species,Chrysanthemum leucanthemum pinnatifidum,Potentilla recta,Dactylis glomerata,,,,,,,,,
WW-124,Parthenocissus quinquefolia,Impatiens capensis,Morus alba,Lonicera maackii,Poa pratensis,Brassicaceae family,Unidentified species-milky sap,Hackelia virginiana,Geum canadense,Unidentified species-single leaf,Alliaria petiolata,Robinia pseudoacacia,Ulmus rubra,Rhamnus cathartica,,,,,,,,,
WW-140,Parthenocissus quinquefolia,Ulmus americana,Smilax species,Tilia americana,Ostrya virginiana,Prunus serotina,Quercus rubra,Geum canadense,Smilacina racemosa,Juglans nigra,Alliaria petiolata,Unidentified species,Fraxinus americana,Rhamnus frangula,,,,,,,,,
B-128,Fraxinus pennsylvanica subintegerrima,Galium triflorum,Campanula americana,NONE,Ostrya virginiana,Quercus alba,Quercus macrocarpa,Oxalis stricta,Rubus allegheniensis,Prunus serotina,Geum canadense,Rubus occidentalis,Eupatorium rugosum,Impatiens pallida,Tilia americana,,,,,,,,
DD-90,Parthenocissus quinquefolia,Acer platanoides,Circaea lutetiana canadensis,Fraxinus pennsylvanica subintegerrima,Geranium maculatum,Acer nigrum,Taraxacum officinale,Rubus idaeus strigosus,Prunus serotina,Crataegus species,Smilacina racemosa,Quercus alba,Prunus virginiana,Tilia americana,Arisaema triphyllum,,,,,,,,
GG-135,Parthenocissus quinquefolia,Fraxinus pennsylvanica subintegerrima,Circaea lutetiana canadensis,Viburnum recognitum,Polygonum virginianum,Ranunculus hispidus,Lonicera maackii,Quercus macrocarpa,Ribes species,Prunus serotina,Acer saccharinum,Juglans nigra,Alliaria petiolata,Ulmus rubra,Rhamnus cathartica,,,,,,,,
HH-103,Carex blanda,Parthenocissus quinquefolia,Circaea lutetiana canadensis,Ulmus americana,Lonicera maackii,Fragaria virginiana,Quercus alba,Quercus macrocarpa,Prunus serotina,Rubus occidentalis,Solidago tenuifolia,Eupatorium rugosum,Carex rosea,Fraxinus americana,Aster species,,,,,,,,
II-142,Viola species,Parthenocissus quinquefolia,Fraxinus pennsylvanica subintegerrima,Circaea lutetiana canadensis,Solidago ulmifolia,Viburnum recognitum,Lonicera maackii,Tilia americana,Glechoma hederacea,Ostrya virginiana,Sedge species,Geum canadense,Prunus virginiana,Alliaria petiolata,Arisaema triphyllum,,,,,,,,
JJ-102,Parthenocissus quinquefolia,Circaea lutetiana canadensis,Ulmus americana,Smilacina racemosa,Campanula americana,Oxalis stricta,Prunus serotina,Quercus rubra,Geum canadense,Rubus occidentalis,Galium species,Quercus alba,Tilia americana,Aster lateriflorus,Fraxinus americana,,,,,,,,
JJ-111,Carex blanda,Parthenocissus quinquefolia,Circaea lutetiana canadensis,Tilia americana,Carya cordiformis,Prunus serotina,Quercus rubra,Rubus occidentalis,Crataegus species,Smilacina racemosa,Quercus alba,NONE,Alliaria petiolata,Polypodium virginianum,Ranunculus abortivus,,,,,,,,
KK-109,Parthenocissus quinquefolia,Circaea lutetiana canadensis,Tilia americana,Fragaria virginiana,Quercus macrocarpa,Prunus serotina,Fraxinus americana,Geum canadense,Hackelia virginiana,Galium species,Eupatorium rugosum,NONE,Alliaria petiolata,Ulmus rubra,Arisaema triphyllum,,,,,,,,
OO-110,Erigeron canadensis,Solidago gigantea,Celastrus scandens,Lonicera maackii,Trifolium pratense,Geum canadense,Hackelia virginiana,Galium species,Crataegus species,Carex species,Epilobium coloratum,Acalypha rhomboidea,Prunella vulgaris,Polygonum lapathifolium,Plantago lanceolata,,,,,,,,
QQ-131,Viola species,Parthenocissus quinquefolia,Unidentified species,Lonicera maackii,Potentilla norvegica,Tilia americana,Acer nigrum,Prunus serotina,Vitis riparia,Quercus rubra,Ranunculus species,Carex species,Alliaria petiolata,Ulmus rubra,Poa species,,,,,,,,
R-79,Cirsium arvense,Convolvulus sepium,Agrostis species,Impatiens capensis,Juncus dudleyi,Galium obtusum,Potentilla norvegica,Rosa multiflora,Lycopus americanus,Barbarea vulgaris,Panicum implicatum,Oxalis europaea,Geum canadense,Acalypha rhomboidea,Rhamnus cathartica,,,,,,,,
S-97,Parthenocissus quinquefolia,Fraxinus species,Carya ovata,Viburnum species,Lonicera prolifera,Ulmus americana,Geranium maculatum,Acer nigrum,Prunus serotina,Fraxinus americana,Quercus rubra,Crataegus species,Quercus alba,Tilia americana,Arisaema triphyllum,,,,,,,,
T-70,Aster sagittifolius drummondii,Circaea lutetiana canadensis,Cornus racemosa,Potentilla simplex,Poa pratensis,Solidago canadensis,Quercus alba,Quercus rubra,Oxalis europaea,Geum canadense,Smilacina racemosa,Eupatorium rugosum,Aster lateriflorus,Lactuca floridana,Rhamnus cathartica,,,,,,,,
V-89,Anemonella thalictroides,Parthenocissus quinquefolia,Viburnum recognitum,Ulmus americana,Tilia americana,Lonicera tatarica,Ostrya virginiana,Geranium maculatum,Prunus serotina,Fraxinus americana,Quercus rubra,Quercus alba,Alliaria petiolata,Unidentified species,Arisaema triphyllum,,,,,,,,
W-87,Viola species,Parthenocissus quinquefolia,Circaea lutetiana canadensis,Cornus racemosa,Ulmus americana,Quercus alba,Aesculus species,Quercus rubra,Vitis riparia,Rhus radicans,Geum canadense,Juglans nigra,NONE,Alliaria petiolata,Smilax tamnoides hispida,,,,,,,,
X-76,Aster sagittifolius drummondii,Parthenocissus quinquefolia,Circaea lutetiana canadensis,Viburnum species,Elymus villosus,Oxalis stricta,Viburnum prunifolium,Acer nigrum,Rhus radicans,Geum canadense,Quercus alba,Impatiens pallida,Alliaria petiolata,Aster lateriflorus,Arisaema triphyllum,,,,,,,,
X-87,Parthenocissus quinquefolia,Carya ovata,Unidentified species,Cornus racemosa,Ulmus americana,Lonicera tatarica,Quercus macrocarpa,Geranium maculatum,Aesculus species,Geum canadense,Tilia americana,Dioscorea villosa,Ulmus rubra,Arisaema triphyllum,Rhamnus cathartica,,,,,,,,
Z-108,Parthenocissus quinquefolia,Carya species,Lactuca serriola,Lonicera maackii,Carya cordiformis,Rubus allegheniensis,Quercus rubra,Ambrosia artemisiifolia elatior,Rosa species,Ligustrum species,Juglans nigra,Prunus virginiana,Tilia americana,Fraxinus americana,Rhamnus cathartica,,,,,,,,
Z-92,Anemonella thalictroides,Carya ovata,Prenanthes alba,Fraxinus pennsylvanica subintegerrima,Viburnum species,Cornus racemosa,Smilax species,Geranium maculatum,Acer nigrum,Quercus rubra,Vitis riparia,Quercus alba,Smilax lasioneura,Fraxinus americana,Rhamnus cathartica,,,,,,,,
CC-106,Parthenocissus quinquefolia,Agropyron repens,Lonicera maackii,Potentilla simplex,Phleum pratense,Poa pratensis,NONE,Danthonia spicata,Achillea millefolium,Crataegus species,Plantago lanceolata,Agrostis alba,Rhamnus cathartica,Fragaria virginiana,Carex gravida,Dactylis glomerata,,,,,,,
DD-130,Viola species,Fraxinus pennsylvanica subintegerrima,Viburnum recognitum,Ulmus americana,Solidago species,Poa pratensis,Glechoma hederacea,Rosa multiflora,Vitis riparia,Sambucus canadensis,Pilea pumila,Geum canadense,Crataegus species,Alliaria petiolata,Unidentified species,Rhamnus cathartica,,,,,,,
EE-108,Aster sagittifolius drummondii,Parthenocissus quinquefolia,Fraxinus species,Carex pensylvanica,Circaea lutetiana canadensis,Solidago ulmifolia,Fraxinus pennsylvanica subintegerrima,Ulmus americana,Quercus alba,Arenaria lateriflora,Geum canadense,Galium species,Potentilla simplex,Polypodium virginianum,Fraxinus americana,Aster species,,,,,,,
HH-106,Carex blanda,Fraxinus pennsylvanica subintegerrima,Circaea lutetiana canadensis,Solidago ulmifolia,Ulmus americana,Solidago canadensis,Quercus alba,Taraxacum officinale,Prunus serotina,Eupatorium rugosum,NONE,Alliaria petiolata,Dodecatheon meadia,Lactuca species,Fraxinus americana,Aster species,,,,,,,
NN-126,Rhus glabra,Ulmus americana,Lonicera maackii,Anemone virginiana,Poa pratensis,Acer nigrum,Acer saccharum,Melilotus officinalis,Vitis riparia,Rhus radicans,Crataegus species,Panicum species,Rhamnus cathartica,Chrysanthemum leucanthemum pinnatifidum,Daucus carota,Plantago lanceolata,,,,,,,
PP-128,Ulmus species,Viola species,Parthenocissus quinquefolia,Morus alba,Circaea lutetiana canadensis,Lonicera maackii,Quercus macrocarpa,Acer negundo,Acer nigrum,Prunus serotina,Rhus radicans,Geum canadense,Alliaria petiolata,Unidentified species,Ulmus rubra,Rhamnus cathartica,,,,,,,
VV-133,Ulmus species,Parthenocissus quinquefolia,Fraxinus pennsylvanica subintegerrima,Circaea lutetiana canadensis,Ulmus americana,Viburnum opulus,Lonicera maackii,Tilia americana,Acer negundo,Prunus serotina,Rhus radicans,Rhamnus cathartica,Alliaria petiolata,Ulmus rubra,Arisaema triphyllum,Hydrophyllum virginianum,,,,,,,
Y-94,Carex blanda,Solidago species,Glechoma hederacea,Oxalis stricta,Unidentified forb,Ambrosia artemisiifolia elatior,Trifolium pratense,Achillea millefolium,Plantago lanceolata,Ratibida pinnata,Prunella vulgaris lanceolata,NONE,Chrysanthemum leucanthemum pinnatifidum,Unidentified species,Carex hirtifolia,Dactylis glomerata,,,,,,,
Z-76,Cirsium arvense,Aster sagittifolius drummondii,Parthenocissus quinquefolia,Fraxinus pennsylvanica subintegerrima,Circaea lutetiana canadensis,Galium triflorum,Erigeron annuus,Lonicera tatarica,Quercus rubra,Vitis riparia,Geum canadense,Sonchus asper,Picea species,Rhamnus cathartica,Daucus carota,Dactylis glomerata,,,,,,,
AA-114,Parthenocissus quinquefolia,Sanguinaria canadensis,Cornus racemosa,Lonicera maackii,Tilia americana,Ostrya virginiana,Oxalis stricta,Acer nigrum,Rosa multiflora,Quercus rubra,Hepatica acutiloba,Dactylis glomerata,Eupatorium rugosum,Rhamnus cathartica,Fragaria virginiana,Fraxinus americana,Aster species,,,,,,
CC-110,Circaea lutetiana canadensis,Solidago ulmifolia,Cornus racemosa,Smilacina racemosa,Tilia americana,Ulmus americana,Fragaria virginiana,Ostrya virginiana,Quercus alba,Quercus rubra,Prunus serotina,Geum canadense,Galium species,Eupatorium rugosum,Alliaria petiolata,Aster lateriflorus,Aster species,,,,,,
HA-124,Aster sagittifolius drummondii,Parthenocissus quinquefolia,Fraxinus pennsylvanica subintegerrima,Ulmus americana,Lonicera maackii,Poa pratensis,Solidago canadensis,Acer negundo,Prunus serotina,Rhus radicans,Geum canadense,Rubus occidentalis,Trifolium hybridum,Ulmus species,Daucus carota,Ulmus rubra,Rhamnus cathartica,,,,,,
II-105,Parthenocissus quinquefolia,Circaea lutetiana canadensis,Solidago ulmifolia,Galium asprellum,Ulmus americana,Quercus macrocarpa,Quercus alba,Oxalis stricta,Prunus serotina,Juglans nigra,Hackelia virginiana,Galium species,Eupatorium rugosum,Unidentified species,Ranunculus abortivus,Taraxacum officinale,Aster species,,,,,,
JJ-105,Circaea lutetiana canadensis,Celastrus scandens,Ulmus americana,Lonicera maackii,Tilia americana,Ulmus rubra,Quercus alba,Oxalis stricta,Prunus serotina,Vitis riparia,Hackelia virginiana,Smilacina racemosa,Eupatorium rugosum,Alliaria petiolata,Aster lateriflorus,Unidentified species,Arisaema triphyllum,,,,,,
KK-93,Parthenocissus quinquefolia,Circaea lutetiana canadensis,Solidago ulmifolia,Polygonum virginianum,Smilacina racemosa,Lonicera maackii,Tilia americana,Ostrya virginiana,Ulmus americana,Acer nigrum,Prunus serotina,Quercus rubra,Galium species,Eupatorium rugosum,Alliaria petiolata,Unidentified species,Arisaema triphyllum,,,,,,
LL-102,Circaea lutetiana canadensis,Viburnum species,Celastrus scandens,Ulmus americana,Smilacina racemosa,Tilia americana,Solidago canadensis,Rubus allegheniensis,Quercus rubra,Rhus radicans,Hackelia virginiana,Arisaema dracontium,Galium species,Eupatorium rugosum,Alliaria petiolata,Ulmus rubra,Viburnum opulus,,,,,,
MM-94,Parthenocissus quinquefolia,Circaea lutetiana canadensis,Ulmus americana,Lonicera maackii,NONE,Tilia americana,Solidago canadensis,Cercis canadensis,Impatiens pallida,Prunus serotina,Vitis riparia,Geum canadense,Crataegus species,Eupatorium rugosum,Carex species,Alliaria petiolata,Unidentified species,,,,,,
T-84,Cirsium arvense,Parthenocissus quinquefolia,Quercus palustris,Unidentified species,Ulmus americana,Solidago species,Solidago canadensis,Vitis riparia,Panicum implicatum,Geum canadense,Hackelia virginiana,Polygonum species,Erigeron canadensis,Chenopodium album,Acalypha rhomboidea,Taraxacum officinale,Rhamnus cathartica,,,,,,
WW-130,Parthenocissus quinquefolia,Campanula americana,Lonicera maackii,Carya cordiformis,Rhamnus cathartica,Prunus serotina,Quercus rubra,Juglans nigra,Sambucus canadensis,Geum canadense,Crataegus species,Eupatorium rugosum,Carex species,Alliaria petiolata,Ulmus rubra,Fraxinus americana,Hydrophyllum virginianum,,,,,,
XX-134,Viola species,Parthenocissus quinquefolia,Circaea lutetiana canadensis,Polygonum virginianum,Lonicera maackii,Tilia americana,Carya cordiformis,Ostrya virginiana,Acer nigrum,Quercus rubra,Geum canadense,Eupatorium rugosum,Carex species,Alliaria petiolata,Ulmus rubra,Fraxinus americana,Rhamnus cathartica,,,,,,
CC-109,Parthenocissus quinquefolia,Circaea lutetiana canadensis,Solidago ulmifolia,Ulmus americana,Smilacina racemosa,Tilia americana,Quercus rubra,Fraxinus americana,Aster shortii,Rhus radicans,Prunus serotina,Geum canadense,Galium species,Quercus alba,NONE,Alliaria petiolata,Taraxacum officinale,Rhamnus cathartica,,,,,
I-117,Circaea lutetiana canadensis,Solidago ulmifolia,Ulmus americana,Campanula americana,Ranunculus hispidus,NONE,Ostrya virginiana,Quercus macrocarpa,Leersia virginica,Aster shortii,Rhus radicans,Geum canadense,Smilax lasioneura,Tilia americana,Unidentified species,Carex hirtifolia,Fraxinus americana,Rhamnus cathartica,,,,,
R-83,Carex blanda,Parthenocissus quinquefolia,Staphylea trifolia,Viburnum species,Erigeron strigosus,Erechtites hieracifolia,Lonicera tatarica,Quercus macrocarpa,Cercis canadensis,Oxalis stricta,Geum canadense,Hackelia virginiana,Smilacina racemosa,Cirsium vulgare,Erigeron canadensis,Daucus carota,Taraxacum officinale,Rhamnus cathartica,,,,,
V-73,Fraxinus pennsylvanica subintegerrima,Polygonum virginianum,Ulmus americana,Festuca elatior,Poa pratensis,Trifolium repens,Quercus alba,Oxalis stricta,Bidens species,Quercus rubra,Juglans nigra,Pilea pumila,Geum canadense,Prunella vulgaris lanceolata,NONE,Viola species,Trifolium pratense,Taraxacum officinale,,,,,
Y-96,Carex blanda,Anemonella thalictroides,Circaea lutetiana canadensis,Ulmus americana,Smilax species,Lonicera maackii,Rhamnus cathartica,Bidens frondosa,Taraxacum officinale,Fraxinus americana,Prunus serotina,Quercus rubra,Geum canadense,Carex species,Tilia americana,Unidentified species,Arisaema triphyllum,Polygonatum canaliculatum,,,,,
B-127,Aster sagittifolius drummondii,Galium triflorum,Circaea lutetiana canadensis,Ulmus americana,Solidago flexicaulis,Potentilla norvegica,Ostrya virginiana,Quercus macrocarpa,Acer nigrum,Prunus serotina,Quercus rubra,Rhus radicans,Rubus occidentalis,Smilacina racemosa,Impatiens pallida,Tilia americana,Thalictrum dioicum,Unidentified species,Arisaema triphyllum,,,,
C-125,Carex blanda,Aster sagittifolius drummondii,Circaea lutetiana canadensis,Ulmus americana,Quercus species,Polemonium reptans,Ostrya virginiana,Geranium maculatum,Quercus alba,Rubus allegheniensis,Prunus serotina,Rhus radicans,Geum canadense,Rubus occidentalis,Eupatorium rugosum,Scrophularia species,Carex rosea,Aster lateriflorus,Fraxinus americana,,,,
KK-101,Parthenocissus quinquefolia,Circaea lutetiana canadensis,Galium asprellum,Smilacina racemosa,Quercus alba,Oxalis stricta,Prunus serotina,Quercus rubra,Rhus radicans,Geum canadense,Hackelia virginiana,Rubus occidentalis,Eupatorium rugosum,NONE,Tilia americana,Aster lateriflorus,Ulmus rubra,Ranunculus abortivus,Fraxinus americana,,,,
U-95,Carya ovata,Fraxinus pennsylvanica subintegerrima,Circaea lutetiana canadensis,Viburnum recognitum,Ulmus americana,Agrimonia species,Lonicera maackii,Viburnum lentago,Cercis canadensis,Oxalis stricta,Osmorhiza longistylis,Quercus rubra,Rhus radicans,Rubus occidentalis,Smilacina racemosa,Eupatorium rugosum,Tilia americana,Carex hirtifolia,Rhamnus frangula,,,,
F-107,Smilax lasioneura,Aster sagittifolius drummondii,Parthenocissus quinquefolia,Circaea lutetiana canadensis,Helianthus strumosus,Ulmus americana,Solidago flexicaulis,Lonicera tatarica,Impatiens pallida,Acer nigrum,Quercus rubra,Geum canadense,Eupatorium rugosum,Carex species,Alliaria petiolata,Aster lateriflorus,Unidentified species,Carex hirtifolia,Fraxinus americana,Rhamnus cathartica,,,
MM-102,Poa pratensis,Rosa multiflora,Vitis riparia,Unidentified species,Rhus radicans,Geum canadense,Daucus carota,Rhamnus cathartica,Oxalis stricta,Rubus allegheniensis,Alliaria petiolata,Aster lateriflorus,Dactylis glomerata,Parthenocissus quinquefolia,Solidago canadensis,Cercis canadensis,Trifolium hybridum,Galium species,Cirsium vulgare,Viola pubescens,Tilia americana,,
OO-100,Circaea lutetiana canadensis,Celastrus scandens,Quercus macrocarpa,Rhus radicans,Geum canadense,Ulmus rubra,Taraxacum officinale,Aquilegia canadensis,Oxalis stricta,Prunus serotina,Hackelia virginiana,Eupatorium rugosum,Aster lateriflorus,Ranunculus abortivus,Lonicera maackii,Solidago canadensis,Galium species,Quercus alba,Viola pubescens,Tilia americana,Polypodium virginianum,,
O-136,Circaea lutetiana canadensis,Polygonum virginianum,Campanula americana,Lonicera tatarica,Fragaria virginiana,Unidentified species,Quercus rubra,Rhus radicans,Pilea pumila,Ulmus rubra,Arctium minus,Bidens frondosa,Oxalis stricta,Acer nigrum,Plantago rugelii,Eupatorium rugosum,Carex species,Viola species,Alliaria petiolata,Aster lateriflorus,Solidago canadensis,Tilia americana,
W-95,Festuca species,Glechoma hederacea,Potentilla simplex,NONE,Fragaria virginiana,Carex hirtifolia,Solidago ulmifolia,Anemone virginiana,Geranium maculatum,Aruncus dioicus pubescens,Geum canadense,Crataegus species,Trifolium pratense,Taraxacum officinale,Plantago lanceolata,Rhamnus cathartica,Smilax species,Viola species,Dactylis glomerata,Viburnum recognitum,Lonicera maackii,Quercus alba,
V-95,Festuca species,Solidago species,Allium cernuum,Poa pratensis,Quercus macrocarpa,Potentilla simplex,NONE,Carex hirtifolia,Aster species,Anemonella thalictroides,Polemonium reptans,Geum canadense,Polygonatum canaliculatum,Euonymus atropurpureus,Oxalis stricta,Carex species,Viola species,Alliaria petiolata,Dactylis glomerata,Lonicera maackii,Galium species,Quercus alba,Arisaema triphyllum
