"","Date","Sampler","Plot.ID.Number","X6.Letter.Code","Species_Name","X..Cover","Cover.Class..1.7.","X..of.Woody.Seedlings","Total.Moss..1.7.","Total.Logs..1.7.","Total.Rocks..1.7.","Total.Bare.Soil..1.7.","Notes","Sample..Y.N.","Accepted_name"
"1","5/10/18","JLL, WS","A107","SILLAC","Silphium laciniatum",7,3,0,0,0,0,5,"","","Silphium laciniatum"
"11","5/10/18","JLL, WS","A116","Allium sp.","Allium sp.",1,2,0,0,0,0,7,"","","Allium"
"14","5/10/18","JLL, WS","A116","Symphyotrichum sp.","Symphyotrichum sp.",6,3,0,0,0,0,0,"Lateriflorus?","","Symphyotrichum"
"18","5/10/18","JLL, WS","A116","Ligusticum sp.","Ligusticum sp.",2,2,0,0,0,0,0,"Privet","","Ligusticum"
"23","5/10/18","JLL, WS","A116","Symphyotrichum sp.","Symphyotrichum sp.",1,2,0,0,0,0,0,"","","Symphyotrichum"
"25","5/1/18","WO, SZ","A121","CELORB","Celastrus orbiculatus",10,3,0,0,0,0,5,"","","Celastrus orbiculatus"
"36","5/1/18","WO, SZ","A124","ERYALB","Erythronium albidum",6,3,0,0,0,0,0,"","","Erythronium albidum"
"37","5/1/18","WO, SZ","A124","SANGRE","Sanicula gregaria",2,2,0,0,0,0,0,"","","Sanicula gregaria"
"41","5/1/18","WO, SZ","A124","CARCON","Cardamine concatenata",10,3,0,0,0,0,0,"","","Cardamine concatenata"
"44","5/1/18","WO, SZ","A126","TRIREC","Trillium recurvatum",4,2,0,0,0,0,0,"","","Trillium recurvatum"
"45","5/1/18","WO, SZ","A126","CARCON","Cardamine concatenata",15,3,0,0,0,0,0,"","","Cardamine concatenata"
"46","5/1/18","WO, SZ","A126","AGRPUB","Agrimonia pubescens",4,2,0,0,0,0,0,"","","Agrimonia pubescens"
"47","5/1/18","WO, SZ","A126","SANGRE","Sanicula gregaria",2,2,0,0,0,0,0,"","","Sanicula gregaria"
"54","5/1/18","WO, SZ","A126","ERYALB","Erythronium albidum",5,2,0,0,0,0,0,"","","Erythronium albidum"
"58","5/1/18","WO, SZ","A128","AGRPUB","Agrimonia pubescens",10,3,0,0,0,0,0,"","","Agrimonia pubescens"
"60","5/1/18","WO, SZ","A128","ERYALB","Erythronium albidum",5,3,0,0,0,0,0,"","","Erythronium albidum"
"72","5/2/18","BS, WO","A133","Eupatorium sp.","Eupatorium sp.",2,2,0,0,0,0,0,"","","Eupatorium"
"79","5/2/18","BS, WO","A135","VIOSOR","Viola sororia",4,2,0,0,0,0,0,"","","Viola sororia"
"80","5/2/18","BS, WO","A135","SONARV","Sonchus arvensis",4,2,0,0,0,0,0,"","","Sonchus arvensis"
"81","5/2/18","BS, WO","A135","AGRPUB","Agrimonia pubescens",2,2,0,0,0,0,0,"","","Agrimonia pubescens"
"84","5/2/18","BS, WO","A135","MORALB","Morus alba",2,2,1,0,0,0,0,"","","Morus alba"
"88","5/2/18","JLL, PB","AA114","ERYALB","Erythronium albidum",1,2,0,0,0,0,0,"","","Erythronium albidum"
"89","5/2/18","JLL, PB","AA114","Cerastrium sp.","Cerastrium sp.",2,2,0,0,0,0,0,"","","Cerastium"
"90","5/2/18","JLL, PB","AA114","CLAVIR","Claytonia virginica",1,2,0,0,0,0,0,"","","Claytonia virginica"
"93","5/2/18","JLL, PB","AA116","CLAVIR","Claytonia virginica",36,4,0,0,0,0,0,"","","Claytonia virginica"
"100","5/2/18","JLL, PB","AA117","CLAVIR","Claytonia virginica",20,3,0,0,0,0,0,"","","Claytonia virginica"
"101","5/2/18","JLL, PB","AA117","ERYALB","Erythronium albidum",15,3,0,0,0,0,0,"","","Erythronium albidum"
"105","5/2/18","JLL, PB","AA117","ANEQUI","Anemone quinquefolia",2,2,0,0,0,0,0,"","","Anemone quinquefolia"
"110","5/2/18","JLL, PB","AA117","CARCON","Cardamine concatenata",4,2,0,0,0,0,0,"","","Cardamine concatenata"
"115","5/3/18","WS, JLL","AA118","ERYALB","Erythronium albidum",15,3,0,0,0,0,0,"","","Erythronium albidum"
"116","5/3/18","WS, JLL","AA118","ANEQUI","Anemone quinquefolia",2,2,0,0,0,0,0,"","","Anemone quinquefolia"
"117","5/3/18","WS, JLL","AA118","CLAVIR","Claytonia virginica",2,2,0,0,0,0,0,"","","Claytonia virginica"
"119","5/3/18","WS, JLL","AA118","CARCON","Cardamine concatenata",1,2,0,0,0,0,0,"","","Cardamine concatenata"
"122","5/3/18","BS, WO","AA118","FLOPRO","Floerkea proserpinacoides",17,3,0,0,0,0,7,"","","Floerkea proserpinacoides"
"123","5/3/18","BS, WO","AA118","ERYALB","Erythronium albidum",7,3,0,0,0,0,0,"","","Erythronium albidum"
"125","5/3/18","BS, WO","AA118","CLAVIR","Claytonia virginica",30,4,0,0,0,0,0,"","","Claytonia virginica"
"128","5/3/18","BS, WO","AA118","CARCON","Cardamine concatenata",15,3,0,0,0,0,0,"","","Cardamine concatenata"
"129","5/3/18","WO, SZ","AA125","FLOPRO","Floerkea proserpinacoides",25,4,0,0,0,0,4,"","","Floerkea proserpinacoides"
"131","5/3/18","WO, SZ","AA125","ERYALB","Erythronium albidum",8,3,0,0,0,0,0,"","","Erythronium albidum"
"135","5/3/18","WO, SZ","AA125","CLAVIR","Claytonia virginica",4,2,0,0,0,0,0,"","","Claytonia virginica"
"138","5/3/18","WO, SZ","AA125","HYDAPP","Hydrophyllum appendiculatum",2,2,0,0,0,0,0,"","","Hydrophyllum appendiculatum"
"139","5/3/18","WO, SZ","AA129","FLOPRO","Floerkea proserpinacoides",2,2,0,0,4,0,7,"","","Floerkea proserpinacoides"
"141","5/10/18","JLL, WS","AA141","Toralos sp.","Toralos sp.",25,3,0,0,0,0,0,"","","Torilis"
"148","5/7/18","PB, SZ","AA95","TRIREC","Trillium recurvatum",10,3,0,0,0,0,0,"","","Trillium recurvatum"
"151","5/7/18","PB, SZ","AA95","CLAVIR","Claytonia virginica",5,3,0,0,0,0,0,"","","Claytonia virginica"
"152","5/7/18","PB, SZ","AA95","Osmorhiza sp.","Osmorhiza sp.",7,3,0,0,0,0,0,"","","Osmorhiza"
"154","5/7/18","PB, SZ","AA95","CIRLUC","Circaea lutetiana",2,2,0,0,0,0,0,"","","Circaea lutetiana"
"159","5/7/18","PB, SZ","AA95","ERYALB","Erythronium albidum",2,2,0,0,0,0,0,"","","Erythronium albidum"
"163","5/2/18","BS, WO","AX132","ALLVIN","Allium vineale",8,3,0,0,0,0,5,"","","Allium vineale"
"170","5/1/18","WO, SZ","AY122","CALVUL","Calaminta vulgaris",10,3,0,0,0,0,0,"","","Clinopodium vulgare"
"175","5/1/18","WO, SZ","AY124","ERYALB","Erythronium albidum",6,3,0,0,0,0,0,"","","Erythronium albidum"
"176","5/1/18","WO, SZ","AY124","CARCON","Cardamine concatenata",5,3,0,0,0,0,0,"","","Cardamine concatenata"
"180","5/1/18","WO, SZ","AY127","TRIREC","Trillium recurvatum",10,3,0,0,0,0,4,"","","Trillium recurvatum"
"185","5/1/18","WO, SZ","AY127","ERYALB","Erythronium albidum",6,3,0,0,0,0,0,"","","Erythronium albidum"
"190","5/2/18","BS, WO","AY130","ERYALB","Erythronium albidum",30,3,0,0,5,0,5,"","","Erythronium albidum"
"199","5/2/18","BS, WO","AZ133","ERYALB","Erythronium albidum",2,2,0,0,0,0,0,"","","Erythronium albidum"
"202","5/2/18","BS, WO","AZ138","ALLVIN","Allium vineale",4,2,0,0,0,0,0,"","","Allium vineale"
"208","5/10/18","JLL, WS","B109","CACATR","Cacalia atriplicifolia",1,2,0,0,0,0,6,"","","Arnoglossum atriplicifolium"
"209","5/10/18","JLL, WS","B109","SCHSCO","Schizachyrium scoparium",15,3,0,0,0,0,0,"","","Schizachyrium scoparium"
"216","5/10/18","JLL, WS","B109","Symphyotrichum sp.","Symphyotrichum sp.",1,2,0,0,0,0,0,"","","Symphyotrichum"
"217","5/10/18","JLL, WS","B109","SYMNOV","Symphyotrichum novae-angliae",1,2,0,0,0,0,0,"","","Symphyotrichum novae-angliae"
"222","5/1/18","WO, SZ","B127","CARCON","Cardamine concatenata",8,3,0,0,0,0,0,"","","Cardamine concatenata"
"224","5/1/18","WO, SZ","B127","ERYALB","Erythronium albidum",2,2,0,0,0,0,0,"","","Erythronium albidum"
"228","5/1/18","WO, SZ","B127","AGRPUB","Agrimonia pubescens",2,2,0,0,0,0,0,"","","Agrimonia pubescens"
"230","5/1/18","WO, SZ","B128","CARCON","Cardamine concatenata",15,3,0,0,0,0,5,"","","Cardamine concatenata"
"232","5/1/18","WO, SZ","B128","ERYALB","Erythronium albidum",2,2,0,0,0,0,0,"","","Erythronium albidum"
"239","5/1/18","WO, SZ","B128","SANGRE","Sanicula gregaria",2,2,0,0,0,0,0,"","","Sanicula gregaria"
"244","5/2/18","BS, WO","B138","ALLVIN","Allium vineale",25,4,0,0,0,0,0,"","","Allium vineale"
"245","5/2/18","BS, WO","B138","CALVUL","Calaminta vulgaris",12,3,0,0,0,0,0,"","","Clinopodium vulgare"
"262","5/10/18","JLL, WS","BB115","APOCAN","Apocynum cannabinum",1,2,0,0,0,0,0,"","","Apocynum cannabinum"
"267","5/2/18","JLL, PB","BB116","DICCUC","Dicentra cucullaria",15,3,0,0,0,0,0,"","","Dicentra cucullaria"
"272","5/2/18","JLL, PB","BB116","ERYALB","Erythronium albidum",8,3,0,0,0,0,0,"","","Erythronium albidum"
"273","5/2/18","JLL, PB","BB116","CLAVIR","Claytonia virginica",10,3,0,0,0,0,0,"","","Claytonia virginica"
"274","5/2/18","JLL, PB","BB116","ANEQUI","Anemone quinquefolia",2,2,0,0,0,0,0,"","","Anemone quinquefolia"
"277","5/3/18","BS, WO","BB118","FLOPRO","Floerkea proserpinacoides",5,4,0,0,0,0,7,"","","Floerkea proserpinacoides"
"281","5/3/18","WS, JLL","BB121","DICCUC","Dicentra cucullaria",5,3,0,0,0,0,0,"","","Dicentra cucullaria"
"284","5/3/18","WS, JLL","BB121","CLEVIR","Clematis virginiana",15,3,0,0,0,0,0,"","","Clematis virginiana"
"286","5/3/18","WS, JLL","BB121","CARCON","Cardamine concatenata",3,2,0,0,0,0,0,"","","Cardamine concatenata"
"289","5/3/18","WS, JLL","BB121","FLOPRO","Floerkea proserpinacoides",2,2,0,0,0,0,0,"","","Floerkea proserpinacoides"
"296","5/10/18","BS, SL","BB140","RANFIC","Ranunculus ficaria",NA,NA,NA,NA,NA,NA,NA,"","","Ficaria verna"
"299","5/9/18","BS, SML","BB141","TORJAP","Torilis japonica",6,3,0,0,0,0,0,"","","Torilis japonica"
"300","5/9/18","BS, SML","BB141","ARCMIN","Arctium minus",4,2,0,0,0,0,0,"","","Arctium minus"
"309","5/9/18","BS, SL","BB141","Oxalis sp.","Oxalis sp.",1,2,0,0,0,0,0,"","","Oxalis"
"315","5/8/18","MO, PB","BB84","ERYALB","Erythronium albidum",15,3,0,0,5,0,3,"","","Erythronium albidum"
"319","5/8/18","MO, PB","BB84","CIRLUC","Circaea lutetiana",3,2,0,0,0,0,0,"","","Circaea lutetiana"
"320","5/8/18","MO, PB","BB84","CLAVIR","Claytonia virginica",2,2,0,0,0,0,0,"","","Claytonia virginica"
"326","5/7/18","PB, SZ","BB92","ERYALB","Erythronium albidum",7,3,0,0,0,0,0,"","","Erythronium albidum"
"328","5/7/18","PB, SZ","BB92","CLAVIR","Claytonia virginica",3,2,0,0,0,0,0,"","","Claytonia virginica"
"338","5/10/18","JLL, WS","C105","HELGRO","Helianthus grosseserratus",35,4,0,0,0,0,5,"","","Helianthus grosseserratus"
"342","5/10/18","JLL, WS","C105","Cirsium sp.","Cirsium sp.",1,2,0,0,0,0,0,"","","Cirsium"
"350","5/1/18","WO, SZ","C120","ERYALB","Erythronium albidum",10,3,0,0,0,0,0,"","","Erythronium albidum"
"352","5/1/18","WO, SZ","C120","OZMCLA","Osmorhiza claytoniana",1,2,0,0,0,0,0,"","","Osmorhiza"
"358","5/1/18","WO, SZ","C123","ERYALB","Erythronium albidum",6,3,0,0,0,0,0,"","","Erythronium albidum"
"360","5/1/18","WO, SZ","C123","CARCON","Cardamine concatenata",2,2,0,0,0,0,0,"","","Cardamine concatenata"
"362","5/1/18","WO, SZ","C123","CLAVIR","Claytonia virginica",4,2,0,0,0,0,0,"","","Claytonia virginica"
"370","5/1/18","WO, SZ","C125","CARCON","Cardamine concatenata",7,3,0,0,0,0,0,"","","Cardamine concatenata"
"371","5/1/18","WO, SZ","C125","ERYALB","Erythronium albidum",4,2,0,0,0,0,0,"","","Erythronium albidum"
"379","5/1/18","WO, SZ","C127","CARCON","Cardamine concatenata",10,3,0,0,0,0,5,"","","Cardamine concatenata"
"381","5/1/18","WO, SZ","C127","ERYALB","Erythronium albidum",4,2,0,0,0,0,0,"","","Erythronium albidum"
"382","5/1/18","WO, SZ","C127","TRIREC","Trillium recurvatum",15,3,0,0,0,0,0,"","","Trillium recurvatum"
"384","5/1/18","WO, SZ","C127","SANGRE","Sanicula gregaria",2,2,0,0,0,0,0,"","","Sanicula gregaria"
"391","5/4/18","JLL, PB","CC109","HYSHYS","Elymus hystrix",1,2,0,0,0,0,0,"","","Elymus elymoides"
"396","5/4/18","JLL, PB","CC109","Cerastrium sp.","Cerastrium sp.",1,2,0,0,0,0,0,"chickweed?","","Cerastium"
"405","5/4/18","JLL, PB","CC110","CLAVIR","Claytonia virginica",1,2,0,0,0,0,0,"","","Claytonia virginica"
"407","5/4/18","JLL, PB","CC110","HYSHYS","Elymus hystrix",1,2,0,0,0,0,0,"","","Elymus elymoides"
"413","5/4/18","JLL, PB","CC110","GALCIR","Galium circaezans",1,2,0,0,0,0,0,"","","Galium circaezans"
"416","5/4/18","BS, WO","CC123","ERYALB","Erythronium albidum",20,3,0,0,0,0,5,"","","Erythronium albidum"
"417","5/4/18","BS, WO","CC123","FLOPRO","Floerkea proserpinacoides",25,4,0,0,0,0,0,"","","Floerkea proserpinacoides"
"418","5/4/18","BS, WO","CC123","CLAVIR","Claytonia virginica",15,3,0,0,0,0,0,"","","Claytonia virginica"
"427","5/10/18","BS, SL","CC138","RANFIC","Ranunculus ficaria",4,2,0,0,0,0,0,"","","Ficaria verna"
"431","5/10/18","BS, SL","CC138","POACOM","Poa compressa",2,2,0,0,0,0,0,"","","Poa compressa"
"442","5/8/18","MO, PB","CC86","CLAVIR","Claytonia virginica",1,2,0,0,0,0,0,"","","Claytonia virginica"
"443","5/8/18","MO, PB","CC86","CIRLUC","Circaea lutetiana",3,2,0,0,0,0,0,"","","Circaea lutetiana"
"445","5/8/18","MO, PB","CC86","Osmorhiza sp.","Osmorhiza sp.",1,2,0,0,0,0,0,"","","Osmorhiza"
"448","5/7/18","PB, SZ","CC96","ERYALB","Erythronium albidum",65,5,0,0,0,0,3,"","","Erythronium albidum"
"450","5/7/18","PB, SZ","CC96","PHLDIV","Phlox divaricata",5,3,0,0,0,0,0,"","","Phlox divaricata"
"452","5/7/18","PB, SZ","CC96","Osmorhiza sp.","Osmorhiza sp.",3,2,0,0,0,0,0,"","","Osmorhiza"
"455","5/7/18","PB, SZ","CC96","CLAVIR","Claytonia virginica",3,2,0,0,0,0,0,"","","Claytonia virginica"
"458","5/7/18","PB, SZ","CC96","POLBIF","POLBIF",2,2,0,0,0,0,0,"","","Pollia"
"459","5/7/18","PB, SZ","CC96","TRIREC","Trillium recurvatum",2,2,0,0,0,0,0,"","","Trillium recurvatum"
"460","5/7/18","PB, SZ","CC97","CLAVIR","Claytonia virginica",3,2,0,0,3,0,7,"","","Claytonia virginica"
"461","5/7/18","PB, SZ","CC97","ERYALB","Erythronium albidum",1,2,0,0,0,0,0,"","","Erythronium albidum"
"464","5/7/18","PB, SZ","CC97","Osmorhiza sp.","Osmorhiza sp.",1,2,0,0,0,0,0,"","","Osmorhiza"
"472","5/7/18","PB, SZ","CC99","Quercus sp.","Quercus sp.",1,2,0,0,0,0,0,"","","Quercus"
"476","5/10/18","JLL, WS","D113","Menispermum sp.","Menispermum sp.",1,2,0,0,0,0,0,"non-native","","Menispermum"
"483","5/10/18","JLL, WS","D113","Hydrophyllum sp.","Hydrophyllum sp.",1,2,0,0,0,0,0,"","","Hydrophyllum"
"486","5/3/18","WO, SZ","D117","ERYALB","Erythronium albidum",10,3,0,0,0,0,6,"","","Erythronium albidum"
"492","5/1/18","WO, SZ","D123","FLOPRO","Floerkea proserpinacoides",25,4,0,0,3,0,4,"","","Floerkea proserpinacoides"
"497","5/1/18","WO, SZ","D123","ELYHYS","Elymus hystrix",2,2,0,0,0,0,0,"","","Elymus elymoides"
"506","5/1/18","WO, SZ","D125","ERYALB","Erythronium albidum",6,3,0,0,0,0,0,"","","Erythronium albidum"
"508","5/1/18","WO, SZ","D125","CARCON","Cardamine concatenata",6,3,0,0,0,0,0,"","","Cardamine concatenata"
"509","5/1/18","WO, SZ","D125","RUBHIS","Rubus hispidus",3,2,0,0,0,0,0,"","","Rubus hispidus"
"512","5/2/18","WS, JLL","D134","CLAVIR","Claytonia virginica",1,2,0,0,0,0,0,"","","Claytonia virginica"
"513","5/7/18","PB, SZ","DD100","FLOPRO","Floerkea proserpinacoides",40,4,0,0,0,0,4,"","","Floerkea proserpinacoides"
"523","5/7/18","PB, SZ","DD100","CIRLUC","Circaea lutetiana",3,2,0,0,0,0,0,"","","Circaea lutetiana"
"524","5/3/18","WS, JLL","DD112","TRIREC","Trillium recurvatum",15,3,0,0,0,0,7,"","","Trillium recurvatum"
"527","5/3/18","WS, JLL","DD112","Symphyotrichum sp.","Symphyotrichum sp.",1,2,0,0,0,0,0,"","","Symphyotrichum"
"529","5/3/18","WS, JLL","DD114","ERYALB","Erythronium albidum",1,2,0,0,0,0,0,"","","Erythronium albidum"
"534","5/18/18","PB, WO","DD130","LAPCAN","Laportea canadensis",2,2,0,0,0,0,0,"","","Laportea canadensis"
"540","5/9/18","BS, SML","DD145","Cirsium sp.","Cirsium sp.",1,2,0,0,0,0,0,"","","Cirsium"
"543","5/9/18","BS, SML","DD145","TRIREC","Trillium recurvatum",1,2,0,0,0,0,0,"","","Trillium recurvatum"
"544","5/9/18","BS, SML","DD145","Morus sp.","Morus sp.",1,2,0,0,0,0,0,"","","Morus"
"551","5/8/18","MO, PB","DD83","CLAVIR","Claytonia virginica",15,3,0,0,0,0,6,"","","Claytonia virginica"
"552","5/8/18","MO, PB","DD83","CIRLUC","Circaea lutetiana",15,3,0,0,0,0,0,"","","Circaea lutetiana"
"557","5/8/18","MO, PB","DD86","ERYALB","Erythronium albidum",40,4,0,0,0,0,0,"","","Erythronium albidum"
"563","5/8/18","MO, PB","DD86","CELOCC","Celtis occidentalis",0,1,0,0,0,0,0,"seedling","","Celtis occidentalis"
"567","5/7/18","PB, SZ","DD90","CLAVIR","Claytonia virginica",8,3,0,0,0,0,0,"","","Claytonia virginica"
"576","5/7/18","PB, SZ","DD90","ERYALB","Erythronium albidum",2,2,0,0,0,0,0,"","","Erythronium albidum"
"578","4/30/18","WS, JLL","E109","EPICOL","Epilobium coloratum",1,2,0,0,0,0,0,"","","Epilobium coloratum"
"580","4/30/18","WS, JLL","E109","FLOPRO","Floerkea proserpinacoides",1,2,0,0,0,0,0,"","","Floerkea proserpinacoides"
"583","5/10/18","JLL, WS","E111","SCIATR","Scirpus atrovirens",7,3,0,0,0,0,0,"","","Scirpus atrovirens"
"598","5/4/18","JLL, PB","EE108","HYSHYS","Elymus hystrix",2,2,0,0,0,0,0,"","","Elymus elymoides"
"599","5/4/18","BS, WO","EE120","FLOPRO","Floerkea proserpinacoides",35,4,0,0,0,0,6,"","","Floerkea proserpinacoides"
"601","5/4/18","BS, WO","EE120","CLAVIR","Claytonia virginica",4,2,0,0,0,0,0,"","","Claytonia virginica"
"604","5/18/18","PB, WO","EE126","FLOPRO","Floerkea proserpinacoides",4,2,0,0,0,0,5,"","","Floerkea proserpinacoides"
"612","5/18/18","PB, WO","EE126","CRYCAN","Cryptotaenia canadensis",1,2,0,0,0,0,0,"","","Cryptotaenia canadensis"
"615","5/18/18","PB, WO","EE128","FLOPRO","Floerkea proserpinacoides",6,3,0,0,0,0,4,"","","Floerkea proserpinacoides"
"620","5/18/18","PB, WO","EE128","CELOCC","Celtis occidentalis",3,2,0,0,0,0,0,"","","Celtis occidentalis"
"624","5/18/18","CB, PB, WO","EE132","ANECAN","Anemone canadensis",8,3,0,0,0,0,6,"","","Anemone canadensis"
"640","5/18/18","PB, WO","EE138","MALSIE","Malus sieboldii",2,2,0,0,0,0,0,"","","Malus sieboldii"
"642","5/18/18","PB, WO","EE138","ARIDRA","Arisaema dracontium",2,2,0,0,0,0,0,"","","Arisaema dracontium"
"645","4/30/18","WS, JLL","F107","ERYALB","Erythronium albidum",15,3,0,0,0,0,7,"","","Erythronium albidum"
"648","4/30/18","WS, JLL","F108","ERYALB","Erythronium albidum",3,2,0,0,3,0,7,"","","Erythronium albidum"
"649","4/30/18","WS, JLL","F108","FLOPRO","Floerkea proserpinacoides",1,2,0,0,0,0,0,"","","Floerkea proserpinacoides"
"651","4/30/18","WS, JLL","F108","SANGRE","Sanicula gregaria",1,2,0,0,0,0,0,"","","Sanicula gregaria"
"660","5/2/18","JLL","F112","SYM SP.","Symphyotrichum sp.",2,2,0,0,0,0,0,"","","Symphyotrichum"
"664","4/30/18","WS, JLL","F113","ERYALB","Erythronium albidum",5,3,0,0,0,0,7,"","","Erythronium albidum"
"672","4/30/18","WS, JLL","F114","ERYALB","Erythronium albidum",3,2,0,0,0,0,7,"","","Erythronium albidum"
"678","4/30/18","WS, JLL","F114","CELORB","Celastrus orbiculatus",2,2,0,0,0,0,0,"","","Celastrus orbiculatus"
"679","5/3/18","WO, SZ","F118","ERYALB","Erythronium albidum",15,3,0,0,0,0,2,"","","Erythronium albidum"
"680","5/3/18","WO, SZ","F118","CLAVIR","Claytonia virginica",2,2,0,0,0,0,0,"","","Claytonia virginica"
"681","5/3/18","WO, SZ","F118","AGRPUB","Agrimonia pubescens",2,2,0,0,0,0,0,"","","Agrimonia pubescens"
"683","5/3/18","WO, SZ","F118","FLOPRO","Floerkea proserpinacoides",10,3,0,0,0,0,0,"","","Floerkea proserpinacoides"
"686","5/3/18","WO, SZ","F118","SANGRE","Sanicula gregaria",2,2,0,0,0,0,0,"","","Sanicula gregaria"
"688","5/3/18","WO, SZ","F119","ERYALB","Erythronium albidum",5,5,0,0,3,3,4,"","","Erythronium albidum"
"689","5/3/18","WO, SZ","F119","FLOPRO","Floerkea proserpinacoides",15,3,0,0,0,0,0,"","","Floerkea proserpinacoides"
"691","5/3/18","WO, SZ","F119","CLAVIR","Claytonia virginica",3,2,0,0,0,0,0,"","","Claytonia virginica"
"694","5/1/18","WO, SZ","F122","FLOPRO","Floerkea proserpinacoides",25,4,0,0,0,0,0,"","","Floerkea proserpinacoides"
"696","5/1/18","WO, SZ","F122","ERYALB","Erythronium albidum",3,2,0,0,0,0,0,"","","Erythronium albidum"
"698","5/1/18","WO, SZ","F122","CLAVIR","Claytonia virginica",2,2,0,0,0,0,0,"","","Claytonia virginica"
"705","5/1/18","WO, SZ","F129","ERYALB","Erythronium albidum",4,2,0,0,0,0,0,"","","Erythronium albidum"
"706","5/1/18","WO, SZ","F129","CARCON","Cardamine concatenata",2,2,0,0,0,0,0,"","","Cardamine concatenata"
"725","5/4/18","BS, WO","FF117","FLOPRO","Floerkea proserpinacoides",4,2,0,0,0,0,0,"","","Floerkea proserpinacoides"
"727","5/4/18","BS, WO","FF117","CLAVIR","Claytonia virginica",3,2,0,0,0,0,0,"","","Claytonia virginica"
"730","5/4/18","BS, WO","FF123","FLOPRO","Floerkea proserpinacoides",50,5,0,0,0,0,5,"","","Floerkea proserpinacoides"
"731","5/4/18","BS, WO","FF123","CLAVIR","Claytonia virginica",4,2,0,0,0,0,0,"","","Claytonia virginica"
"754","5/7/18","PB, SZ","FF94","CLAVIR","Claytonia virginica",2,2,0,0,0,0,0,"","","Claytonia virginica"
"755","5/7/18","PB, SZ","FF94","RUDHIR","Rudbeckia hirta",1,2,0,0,0,0,0,"","","Rudbeckia hirta"
"757","5/7/18","PB, SZ","FF94","EQUARV","Equisetum arvense",2,2,0,0,0,0,0,"","","Equisetum arvense"
"759","4/30/18","WS, JLL","G109","ERYALB","Erythronium albidum",3,2,0,0,0,0,7,"Plot partially burned","","Erythronium albidum"
"764","4/30/18","WS, JLL","G109","ANEQUI","Anemone quinquefolia",2,2,0,0,0,0,0,"","","Anemone quinquefolia"
"767","4/30/18","WS, JLL","G109","OSMCLA","Osmorhiza claytoniana",1,2,0,0,0,0,0,"","","Osmorhiza"
"769","4/30/18","WS, JLL","G109","CLAVIR","Claytonia virginica",2,2,0,0,0,0,0,"","","Claytonia virginica"
"771","5/1/18","WO, SZ","G126","ERYALB","Erythronium albidum",5,2,0,0,0,0,0,"","","Erythronium albidum"
"773","5/1/18","WO, SZ","G126","CARCON","Cardamine concatenata",3,2,0,0,0,0,0,"","","Cardamine concatenata"
"775","5/1/18","WO, SZ","G126","VIOSOR","Viola sororia",4,2,0,0,0,0,0,"","","Viola sororia"
"778","5/1/18","WO, SZ","G126","CLAVIR","Claytonia virginica",2,2,0,0,0,0,0,"","","Claytonia virginica"
"779","5/1/18","WO, SZ","G126","AGRPUB","Agrimonia pubescens",2,2,0,0,0,0,0,"","","Agrimonia pubescens"
"781","5/1/18","WO, SZ","G126","ERYALB","Erythronium albidum",5,3,0,0,0,0,0,"","","Erythronium albidum"
"783","5/1/18","WO, SZ","G126","CARCON","Cardamine concatenata",3,2,0,0,0,0,0,"","","Cardamine concatenata"
"785","5/1/18","WO, SZ","G126","VIOSOR","Viola sororia",4,2,0,0,0,0,0,"","","Viola sororia"
"788","5/1/18","WO, SZ","G126","CLAVIR","Claytonia virginica",2,2,0,0,0,0,0,"","","Claytonia virginica"
"789","5/1/18","WO, SZ","G126","AGRPUB","Agrimonia pubescens",2,2,0,0,0,0,0,"","","Agrimonia pubescens"
"793","5/2/18","WS, JLL","G132","ERYALB","Erythronium albidum",3,2,0,0,0,0,0,"","","Erythronium albidum"
"794","5/2/18","WS, JLL","G132","TRIREC","Trillium recurvatum",3,2,0,0,0,0,0,"","","Trillium recurvatum"
"807","5/2/18","JLL, PB","G137","Symphyotrichum sp.","Symphyotrichum sp.",1,2,0,0,0,0,0,"","","Symphyotrichum"
"811","5/4/18","BS, WO","GG121","CLAVIR","Claytonia virginica",3,2,0,0,0,0,0,"","","Claytonia virginica"
"812","5/4/18","BS, WO","GG121","CARCON","Cardamine concatenata",1,2,0,0,0,0,0,"","","Cardamine concatenata"
"814","5/4/18","BS, WO","GG121","FLOPRO","Floerkea proserpinacoides",2,2,0,0,0,0,0,"","","Floerkea proserpinacoides"
"815","5/4/18","BS, WO","GG121","CIRLUC","Circaea lutetiana",2,2,0,0,0,0,0,"","","Circaea lutetiana"
"817","5/4/18","BS, WO","GG122","FLOPRO","Floerkea proserpinacoides",75,6,0,0,0,0,3,"","","Floerkea proserpinacoides"
"818","5/4/18","BS, WO","GG122","CLAVIR","Claytonia virginica",12,3,0,0,0,0,0,"","","Claytonia virginica"
"819","5/4/18","BS, WO","GG122","CARCON","Cardamine concatenata",4,2,0,0,0,0,0,"","","Cardamine concatenata"
"836","5/10/18","BS, SL","GG140","ERYALB","Erythronium albidum",3,2,0,0,0,0,0,"","","Erythronium albidum"
"837","5/10/18","BS, SL","GG140","TRIREC","Trillium recurvatum",1,2,0,0,0,0,0,"","","Trillium recurvatum"
"839","5/17/18","BS, WS","GG140","FLOPRO","Floerkea proserpinacoides",6,3,0,0,3,0,6,"","","Floerkea proserpinacoides"
"846","5/7/18","PB, SZ","GG92","Sanicula sp.","Sanicula sp.",30,4,0,0,3,0,4,"","","Sanicula"
"853","5/7/18","PB, SZ","GG92","Cerastium sp.","Cerastium sp.",3,2,0,0,0,0,0,"","","Cerastium"
"856","5/7/18","PB, SZ","GG92","CLAVIR","Claytonia virginica",1,2,0,0,0,0,0,"","","Claytonia virginica"
"865","5/7/18","PB, SZ","GG94","ANEQUI","Anemone quinquefolia",2,2,0,0,0,0,0,"","","Anemone quinquefolia"
"867","5/7/18","PB, SZ","GG94","Cerastium sp.","Cerastium sp.",1,2,0,0,0,0,0,"","","Cerastium"
"870","5/7/18","PB, SZ","GG94","Osmorhiza sp.","Osmorhiza sp.",3,2,0,0,0,0,0,"","","Osmorhiza"
"873","5/7/18","PB, SZ","GG94","Sanicula sp.","Sanicula sp.",2,2,0,0,0,0,0,"","","Sanicula"
"875","4/30/18","WO, SZ","H115","ALLBUR","Allium burdickii",6,3,0,0,0,0,0,"","","Allium tricoccum var. burdickii"
"881","4/30/18","WO, SZ","H115","SANGRE","Sanicula gregaria",2,2,0,0,0,0,0,"","","Sanicula gregaria"
"882","4/30/18","WO, SZ","H115","ERYALB","Erythronium albidum",2,2,0,0,0,0,0,"","","Erythronium albidum"
"884","4/30/18","WO, SZ","H115","ALLBUR","Allium burdickii",6,3,0,0,0,0,0,"","","Allium tricoccum var. burdickii"
"890","4/30/18","WO, SZ","H115","SANGRE","Sanicula gregaria",2,2,0,0,0,0,0,"","","Sanicula gregaria"
"891","4/30/18","WO, SZ","H115","ERYALB","Erythronium albidum",2,2,0,0,0,0,0,"","","Erythronium albidum"
"904","5/15/18","CB, PB","HA132","VIOSOR","Viola sororia",4,2,0,0,0,0,0,"","","Viola sororia"
"911","5/17/18","CB","HA147","ERYALB","Erythronium albidum",3,2,0,0,0,0,5,"","","Erythronium albidum"
"932","5/15/18","CB, PB","HB129","Allium sp.","Allium sp.",3,2,0,0,0,0,0,"","","Allium"
"936","5/15/18","CB, PB","HB129","CIRLUC","Circaea lutetiana",3,2,0,0,0,0,0,"","","Circaea lutetiana"
"940","5/15/18","CB, PB","HB130","CELOCC","Celtis occidentalis",2,2,0,0,0,0,0,"","","Celtis occidentalis"
"941","5/15/18","CB, PB","HB131","ERYALB","Erythronium albidum",7,3,0,0,0,0,6,"","","Erythronium albidum"
"943","5/15/18","CB, PB","HB131","Cornus sp.","Cornus sp.",7,3,0,0,0,0,0,"likely CORSTO","","Cornus"
"951","5/17/18","CB","HB136","ERYALB","Erythronium albidum",6,3,0,0,0,0,0,"","","Erythronium albidum"
"957","5/16/18","CB, WO","HB141","ERYALB","Erythronium albidum",3,2,0,0,0,0,0,"","","Erythronium albidum"
"960","5/16/18","CB, WO","HB143","ERYALB","Erythronium albidum",3,2,0,0,0,0,6,"ULMRUB in plot","","Erythronium albidum"
"974","5/17/18","CB","HC135","ERYALB","Erythronium albidum",11,3,0,0,3,0,5,"","","Erythronium albidum"
"983","5/16/18","CB, WO","HC144","ERYALB","Erythronium albidum",4,2,0,0,3,0,7,"","","Erythronium albidum"
"990","5/17/18","CB","HD134","ERYALB","Erythronium albidum",2,2,0,0,0,0,0,"","","Erythronium albidum"
"995","5/17/18","CB","HD135","CIRLUC","Circaea lutetiana",5,3,0,0,0,0,0,"","","Circaea lutetiana"
"996","5/17/18","CB","HD135","AGRPUB","Agrimonia pubescens",2,2,0,0,0,0,0,"","","Agrimonia pubescens"
"997","5/17/18","CB","HD135","ERYALB","Erythronium albidum",5,3,0,0,0,0,0,"","","Erythronium albidum"
"1002","5/17/18","CB","HD136","ELLNYC","Ellisia nyctelea",2,2,0,0,0,0,0,"","","Ellisia nyctelea"
"1006","5/16/18","CB, WO","HD142","ERYALB","Erythronium albidum",2,2,0,0,0,0,0,"","","Erythronium albidum"
"1009","5/17/18","CB","HD143","ERYALB","Erythronium albidum",3,2,0,0,0,0,0,"","","Erythronium albidum"
"1020","5/17/18","CB","HE136","ARIDRA","Arisaema dracontium",2,2,0,0,0,0,0,"","","Arisaema dracontium"
"1025","5/2/18","CB  ","HH103","GALCIC","Galium circaezans",2,2,0,0,0,0,0,"","","Galium circaezans"
"1027","5/2/18","CB  ","HH103","ELYHYR","Elymus hystrix",2,2,0,0,0,0,0,"","","Elymus elymoides"
"1032","5/2/18","CB  ","HH106","ANEQUI","Anemone quinquefolia",4,2,0,0,0,0,0,"","","Anemone quinquefolia"
"1040","5/2/18","CB  ","HH106","CAMSCI","Camassia scilloides",4,2,0,0,0,0,0,"","","Camassia scilloides"
"1046","5/4/18","JLL, PB","HH110","VIOSOR","Viola sororia",1,2,0,0,0,0,0,"","","Viola sororia"
"1047","5/4/18","JLL, PB","HH110","TRIREC","Trillium recurvatum",1,2,0,0,0,0,0,"","","Trillium recurvatum"
"1067","5/4/18","JLL, PB","HH116","TRIREC","Trillium recurvatum",3,2,0,0,0,0,0,"","","Trillium recurvatum"
"1069","5/4/18","JLL, PB","HH116","CLAVIR","Claytonia virginica",2,2,0,0,0,0,0,"","","Claytonia virginica"
"1070","5/4/18","JLL, PB","HH116","Parthenocissus sp.","Parthenocissus sp.",1,2,0,0,0,0,0,"Woodbine seedling","","Parthenocissus"
"1071","5/18/18","PB, WO","HH126","DIPLAC","Dipsacus laciniatus",5,3,0,0,2,0,4,"","","Dipsacus laciniatus"
"1075","5/18/18","PB, WO","HH126","POLSCN","Polygonum scandens",2,2,0,0,0,0,0,"","","Fallopia scandens"
"1078","5/18/18","CB, PB, WO","HH130","CALVUL","Calluna vulgaris",7,3,0,2,0,0,4,"","","Calluna vulgaris"
"1079","5/18/18","CB, PB, WO","HH130","MALSIE","Malus sieboldii",7,3,0,0,0,0,0,"","","Malus sieboldii"
"1088","5/18/18","PB, WO","HH130","CELORB","Celastrus orbiculatus",4,2,0,0,0,0,0,"","","Celastrus orbiculatus"
"1089","5/18/18","PB, WO","HH130","PRUVUL","Prunella vulgaris",1,2,0,0,0,0,0,"","","Prunella vulgaris"
"1093","5/18/18","PB, WO","HH130","VIBDEN","Viburnum dentatum",2,2,0,0,0,0,0,"","","Viburnum dentatum"
"1095","5/18/18","PB, WO","HH130","VIBLEN","Viburnum lentago",2,2,0,0,0,0,0,"","","Viburnum lentago"
"1096","5/18/18","PB, WO","HH130","PHRCAN","PHRCAN",3,2,0,0,0,0,0,"","","Phaca"
"1100","5/9/18","BS, SML","HH147","Cirsium sp.","Cirsium sp.",1,2,0,0,0,0,0,"","","Cirsium"
"1102","5/8/18","MO, PB","HH85","CRYCAN","Cryptotaenia canadensis",2,2,0,0,0,0,0,"","","Cryptotaenia canadensis"
"1105","5/8/18","MO, PB","HH85","CIRLUC","Circaea lutetiana",3,2,0,0,0,0,0,"","","Circaea lutetiana"
"1119","5/8/18","MO, PB","HH87","Osmorhiza sp.","Osmorhiza sp.",2,2,0,0,0,0,0,"","","Osmorhiza"
"1121","5/8/18","MO, PB","HH87","PHLDIV","Phlox divaricata",2,2,0,0,0,0,0,"","","Phlox divaricata"
"1122","5/7/18","PB, SZ","HH90","ERYALB","Erythronium albidum",10,3,0,0,3,0,5,"","","Erythronium albidum"
"1124","5/7/18","PB, SZ","HH90","CLAVIR","Claytonia virginica",8,3,0,0,0,0,0,"","","Claytonia virginica"
"1125","5/7/18","PB, SZ","HH90","CRYCAN","Cryptotaenia canadensis",4,2,0,0,0,0,0,"","","Cryptotaenia canadensis"
"1127","5/7/18","PB, SZ","HH90","Sanicula sp.","Sanicula sp.",7,3,0,0,0,0,0,"","","Sanicula"
"1129","5/7/18","PB, SZ","HH90","Osmorhiza sp.","Osmorhiza sp.",2,2,0,0,0,0,0,"","","Osmorhiza"
"1132","5/7/18","PB, SZ","HH90","ANEQUI","Anemone quinquefolia",5,3,0,0,0,0,0,"","","Anemone quinquefolia"
"1134","5/7/18","PB, SZ","HH93","ERYALB","Erythronium albidum",20,3,0,0,0,0,4,"","","Erythronium albidum"
"1136","5/7/18","PB, SZ","HH93","CLAVIR","Claytonia virginica",7,3,0,0,0,0,0,"","","Claytonia virginica"
"1140","5/7/18","PB, SZ","HH93","Sanicula sp.","Sanicula sp.",2,2,0,0,0,0,0,"","","Sanicula"
"1148","5/7/18","PB, SZ","HH96","Sanicula sp.","Sanicula sp.",3,2,0,0,0,0,0,"","","Sanicula"
"1152","5/7/18","PB, SZ","HH96","ERYALB","Erythronium albidum",4,2,0,0,0,0,0,"","","Erythronium albidum"
"1153","5/7/18","PB, SZ","HH96","CIRLUC","Circaea lutetiana",2,2,0,0,0,0,0,"","","Circaea lutetiana"
"1157","4/30/18","CB, PB","I107","ERYALB","Erythronium albidum",15,3,0,0,4,0,5,"","","Erythronium albidum"
"1158","4/30/18","CB, PB","I107","CARCON","Cardamine concatenata",3,2,0,0,0,0,0,"","","Cardamine concatenata"
"1164","4/30/18","CB, PB","I107","TRIREC","Trillium recurvatum",2,2,0,0,0,0,0,"","","Trillium recurvatum"
"1165","4/30/18","CB, PB","I109","ERYALB","Erythronium albidum",20,3,0,0,7,0,5,"","","Erythronium albidum"
"1166","4/30/18","CB, PB","I109","CARCON","Cardamine concatenata",12,3,0,0,0,0,0,"","","Cardamine concatenata"
"1167","4/30/18","CB, PB","I109","CLAVIR","Claytonia virginica",4,2,0,0,0,0,0,"","","Claytonia virginica"
"1168","4/30/18","CB, PB","I109","ALLBUR","Allium burdickii",2,2,0,0,0,0,0,"","","Allium tricoccum var. burdickii"
"1170","4/30/18","CB, PB","I109","Allium sp.","Allium sp.",2,2,0,0,0,0,0,"","yellow ??","Allium"
"1172","4/30/18","CB, PB","I109","Symphyotrichum sp.","Symphyotrichum sp.",3,2,0,0,0,0,0,"","","Symphyotrichum"
"1173","4/30/18","CB, PB","I109","Sanicula sp,","Sanicula sp.",1,2,0,0,0,0,0,"","","Sanicula"
"1174","4/30/18","CB, PB","I109","Acer sp.","Acer sp.",1,2,0,0,0,0,0,"","","Acer"
"1177","4/30/18","WO, SZ","I116","ERYALB","Erythronium albidum",4,2,0,0,0,0,0,"","","Erythronium albidum"
"1178","4/30/18","WO, SZ","I116","CLAVIR","Claytonia virginica",2,2,0,0,0,0,0,"","","Claytonia virginica"
"1183","4/30/18","WO, SZ","I116","CARCON","Cardamine concatenata",15,3,0,0,0,0,0,"","","Cardamine concatenata"
"1186","4/30/18","WO, SZ","I116","ERYALB","Erythronium albidum",4,2,0,0,0,0,0,"","","Erythronium albidum"
"1187","4/30/18","WO, SZ","I116","CLAVIR","Claytonia virginica",2,2,0,0,0,0,0,"","","Claytonia virginica"
"1188","4/30/18","WO, SZ","I116","ANEQUI","Anemone quinquefolia",4,2,0,0,0,0,0,"","","Anemone quinquefolia"
"1193","4/30/18","WO, SZ","I116","CARCON","Cardamine concatenata",2,2,0,0,0,0,0,"","","Cardamine concatenata"
"1195","4/30/18","WO, SZ","I117","ERYALB","Erythronium albidum",2,5,0,0,0,0,0,"","","Erythronium albidum"
"1196","4/30/18","WO, SZ","I117","FLOPRO","Floerkea proserpinacoides",50,5,0,0,0,0,0,"","","Floerkea proserpinacoides"
"1200","4/30/18","WO, SZ","I117","ERYALB","Erythronium albidum",50,5,0,0,0,0,0,"","","Erythronium albidum"
"1201","4/30/18","WO, SZ","I117","FLOPRO","Floerkea proserpinacoides",15,3,0,0,0,0,0,"","","Floerkea proserpinacoides"
"1205","5/3/18","WO, SZ","I117","SANGRE","Sanicula gregaria",2,2,0,0,0,0,3,"","","Sanicula gregaria"
"1209","5/1/18","WO, SZ","I124","ERYALB","Erythronium albidum",5,3,0,0,0,0,0,"","","Erythronium albidum"
"1212","5/1/18","WO, SZ","I124","CLAVIR","Claytonia virginica",2,2,0,0,0,0,0,"","","Claytonia virginica"
"1214","5/1/18","WO, SZ","I124","OZMCLA","Osmorhiza claytoniana",2,2,0,0,0,0,0,"","","Osmorhiza"
"1216","5/1/18","WO, SZ","I124","ERYALB","Erythronium albidum",5,3,0,0,0,0,0,"","","Erythronium albidum"
"1219","5/1/18","WO, SZ","I124","CLAVIR","Claytonia virginica",2,2,0,0,0,0,0,"","","Claytonia virginica"
"1221","5/1/18","WO, SZ","I124","OZMCLA","Osmorhiza claytoniana",2,2,0,0,0,0,0,"","","Osmorhiza"
"1226","5/2/18","WS, JLL","I133","ERYALB","Erythronium albidum",4,2,0,0,0,0,0,"","","Erythronium albidum"
"1227","5/2/18","WS, JLL","I133","CIRLUC","Circaea lutetiana",1,2,0,0,0,0,0,"","","Circaea lutetiana"
"1232","5/2/18","CB  ","II105","ASTERI","Aster ericoides",3,2,0,0,0,0,0,"","","Symphyotrichum ericoides"
"1238","5/4/18","BS, WO","II122","OSMCLA","Osmorhiza claytonii",4,2,0,1,0,3,6,"","","Osmorhiza aristata var. aristata"
"1240","5/4/18","BS, WO","II122","FLOPRO","Floerkea proserpinacoides",40,4,0,0,0,0,0,"","","Floerkea proserpinacoides"
"1241","5/4/18","BS, WO","II122","CLAVIR","Claytonia virginica",10,3,0,0,0,0,0,"","","Claytonia virginica"
"1247","5/4/18","BS, WO","II122","CIRLUC","Circaea lutetiana",2,2,0,0,0,0,0,"","","Circaea lutetiana"
"1250","5/15/18","SZ, WO","II130","MALSIE","Malus sieboldii",3,2,0,0,0,0,0,"","","Malus sieboldii"
"1256","5/15/18","SZ, WO","II131","MALSIE","Malus sieboldii",2,2,0,0,0,0,0,"","","Malus sieboldii"
"1259","5/10/18","PB, WO","II136","ERYALB","Erythronium albidum",1,2,0,0,0,0,0,"","","Erythronium albidum"
"1261","5/15/18","MO, WS","II142","ERYALB","Erythronium albidum",1,2,0,0,0,0,0,"","","Erythronium albidum"
"1265","5/15/18","MO, WS","II142","FLOPRO","Floerkea proserpinacoides",7,3,0,0,0,0,0,"","","Floerkea proserpinacoides"
"1266","5/15/18","MO, WS","II142","Cammassia?","Cammassia?",4,2,0,0,0,0,0,"","","Camassia"
"1268","5/16/18","BS, WS","II142","CAMSCI","Camassia scilloides",7,3,0,0,0,0,6,"","","Camassia scilloides"
"1269","5/16/18","BS, WS","II142","FLOPRO","Floerkea proserpinacoides",5,3,0,0,0,0,0,"","","Floerkea proserpinacoides"
"1273","5/16/18","BS, WS","II142","ERYALB","Erythronium albidum",1,2,0,0,0,0,0,"","","Erythronium albidum"
"1276","5/8/18","MO, PB","II87","CLAVIR","Claytonia virginica",15,3,0,0,0,0,0,"","","Claytonia virginica"
"1277","5/8/18","MO, PB","II87","CIRLUC","Circaea lutetiana",15,3,0,0,0,0,0,"","","Circaea lutetiana"
"1279","5/8/18","MO, PB","II87","Osmorhiza sp.","Osmorhiza sp.",4,2,0,0,0,0,0,"","","Osmorhiza"
"1284","5/7/18","PB, SZ","II90","Sanicula sp.","Sanicula sp.",15,3,0,0,0,0,0,"","","Sanicula"
"1287","5/7/18","PB, SZ","II90","ERYALB","Erythronium albidum",5,3,0,0,0,0,0,"","","Erythronium albidum"
"1289","5/7/18","PB, SZ","II90","CLAVIR","Claytonia virginica",5,3,0,0,0,0,0,"","","Claytonia virginica"
"1293","5/7/18","PB, SZ","II90","Osmorhiza sp.","Osmorhiza sp.",1,2,0,0,0,0,0,"","","Osmorhiza"
"1294","4/30/18","CB, PB","J110","CARCON","Cardamine concatenata",35,4,0,0,3,0,5,"","","Cardamine concatenata"
"1295","4/30/18","CB, PB","J110","ERYALB","Erythronium albidum",10,3,0,0,0,0,0,"","","Erythronium albidum"
"1297","4/30/18","CB, PB","J110","ALLBUR","Allium burdickii",3,2,0,0,0,0,0,"","","Allium tricoccum var. burdickii"
"1299","4/30/18","CB, PB","J110","CLAVIR","Claytonia virginica",2,2,0,0,0,0,0,"","","Claytonia virginica"
"1300","5/1/18","WO, SZ","J121","ERYALB","Erythronium albidum",15,3,0,0,3,0,6,"","","Erythronium albidum"
"1302","5/1/18","WO, SZ","J121","FLOPRO","Floerkea proserpinacoides",10,3,0,0,0,0,0,"","","Floerkea proserpinacoides"
"1305","5/1/18","WO, SZ","J121","AGRPUB","Agrimonia pubescens",2,2,0,0,0,0,0,"","","Agrimonia pubescens"
"1307","5/1/18","WO, SZ","J121","ERYALB","Erythronium albidum",15,3,0,0,3,0,6,"","","Erythronium albidum"
"1309","5/1/18","WO, SZ","J121","FLOPRO","Floerkea proserpinacoides",10,3,0,0,0,0,0,"","","Floerkea proserpinacoides"
"1312","5/1/18","WO, SZ","J121","AGRPUB","Agrimonia pubescens",2,2,0,0,0,0,0,"","","Agrimonia pubescens"
"1314","5/2/18","JLL","J133","ERYALB","Erythronium albidum",2,2,0,0,0,2,7,"","","Erythronium albidum"
"1319","5/2/18","JLL","J133","UVUGRA","Uvularia grandiflora",2,2,0,0,0,0,0,"","","Uvularia grandiflora"
"1322","5/2/18","PB","JJ102","GALCIR","Galium circaezans",4,2,0,0,0,0,0,"","","Galium circaezans"
"1342","5/2/18","CB  ","JJ105","ALLBUR","Allium burdickii",2,2,0,0,0,0,0,"","","Allium tricoccum var. burdickii"
"1349","5/4/18","JLL, PB","JJ111","TRIREC","Trillium recurvatum",1,2,0,0,0,0,0,"","","Trillium recurvatum"
"1356","5/4/18","JLL, PB","JJ114","CIRLUC","Circaea lutetiana",2,2,0,0,0,0,0,"","","Circaea lutetiana"
"1360","5/4/18","JLL, PB","JJ115","FLOPRO","Floerkea proserpinacoides",20,3,0,0,0,0,0,"","","Floerkea proserpinacoides"
"1362","5/4/18","JLL, PB","JJ115","CARCON","Cardamine concatenata",8,3,0,0,0,0,0,"","","Cardamine concatenata"
"1367","5/4/18","JLL, PB","JJ115","CARCON","Cardamine concatenata",1,2,0,0,0,0,0,"","","Cardamine concatenata"
"1368","5/4/18","BS, WO","JJ121","FLOPRO","Floerkea proserpinacoides",20,3,0,0,0,3,5,"","","Floerkea proserpinacoides"
"1371","5/4/18","BS, WO","JJ121","TRIREC","Trillium recurvatum",2,2,0,0,0,0,0,"","","Trillium recurvatum"
"1373","5/4/18","BS, WO","JJ121","CLAVIR","Claytonia virginica",3,2,0,0,0,0,0,"","","Claytonia virginica"
"1375","5/4/18","BS, WO","JJ121","OSMCLA","Osmorhiza claytonii",2,2,0,0,0,0,0,"","","Osmorhiza aristata var. aristata"
"1386","5/16/18","BS, WS","JJ140","FLOPRO","Floerkea proserpinacoides",5,3,0,0,0,3,6,"","","Floerkea proserpinacoides"
"1388","5/16/18","BS, WS","JJ140","ERYALB","Erythronium albidum",1,2,0,0,0,0,0,"","","Erythronium albidum"
"1390","5/16/18","BS, WS","JJ140","CARCON","Cardamine concatenata",3,2,0,0,0,0,0,"","","Cardamine concatenata"
"1391","5/8/18","MO, PB","JJ87","ERYALB","Erythronium albidum",35,4,0,0,0,0,0,"","","Erythronium albidum"
"1392","5/8/18","MO, PB","JJ87","CLAVIR","Claytonia virginica",5,3,0,0,0,0,0,"","","Claytonia virginica"
"1394","5/8/18","MO, PB","JJ87","TRIREC","Trillium recurvatum",3,2,0,0,0,0,0,"","","Trillium recurvatum"
"1395","5/8/18","MO, PB","JJ87","Sanicula sp.","Sanicula sp.",25,4,0,0,0,0,0,"","","Sanicula"
"1398","5/8/18","MO, PB","JJ87","Osmorhiza sp.","Osmorhiza sp.",1,2,0,0,0,0,0,"","","Osmorhiza"
"1399","5/8/18","MO, PB","JJ87","CIRLUC","Circaea lutetiana",2,2,0,0,0,0,0,"","","Circaea lutetiana"
"1401","5/8/18","MO, PB","JJ93","ERYALB","Erythronium albidum",7,3,0,0,0,0,0,"","","Erythronium albidum"
"1402","5/8/18","MO, PB","JJ93","Sanicula sp.","Sanicula sp.",7,3,0,0,0,0,0,"","","Sanicula"
"1404","5/8/18","MO, PB","JJ93","CLAVIR","Claytonia virginica",10,3,0,0,0,0,0,"","","Claytonia virginica"
"1405","5/8/18","MO, PB","JJ93","CIRLUC","Circaea lutetiana",3,2,0,0,0,0,0,"","","Circaea lutetiana"
"1408","5/8/18","MO, PB","JJ93","TRIREC","Trillium recurvatum",2,2,0,0,0,0,0,"","","Trillium recurvatum"
"1412","4/30/18","CB, PB","K105","CARCON","Cardamine concatenata",25,4,0,1,3,0,5,"","","Cardamine concatenata"
"1413","4/30/18","CB, PB","K105","ERYALB","Erythronium albidum",15,3,0,0,0,0,0,"","","Erythronium albidum"
"1415","4/30/18","CB, PB","K105","ANEQUI","Anemone quinquefolia",3,2,0,0,0,0,0,"","","Anemone quinquefolia"
"1416","4/30/18","CB, PB","K105","CLAVIR","Claytonia virginica",3,2,0,0,0,0,0,"","","Claytonia virginica"
"1417","4/30/18","CB, PB","K105","Allium sp.","Allium sp.",2,2,0,0,0,0,0,"","","Allium"
"1420","4/30/18","CB, PB","K107","CARCON","Cardamine concatenata",10,3,0,0,0,0,0,"","","Cardamine concatenata"
"1421","4/30/18","CB, PB","K107","ERYALB","Erythronium albidum",7,3,0,0,0,0,0,"","","Erythronium albidum"
"1422","4/30/18","CB, PB","K107","CLAVIR","Claytonia virginica",2,2,0,0,0,0,0,"","","Claytonia virginica"
"1423","4/30/18","CB, PB","K107","ANEQUI","Anemone quinquefolia",10,3,0,0,0,0,0,"","","Anemone quinquefolia"
"1426","4/30/18","WS, JLL","K115","CARCON","Cardamine concatenata",30,4,0,0,0,0,7,"","","Cardamine concatenata"
"1427","4/30/18","WS, JLL","K115","ERYALB","Erythronium albidum",10,3,0,0,0,0,0,"","","Erythronium albidum"
"1428","4/30/18","WS, JLL","K115","ANEQUI","Anemone quinquefolia",1,2,0,0,0,0,0,"","","Anemone quinquefolia"
"1431","4/30/18","WS, JLL","K115","CLAVIR","Claytonia virginica",4,2,0,0,0,0,0,"","","Claytonia virginica"
"1435","5/2/18","WS, JLL","K116","CARCON","Cardamine concatenata",5,3,0,0,2,0,7,"","","Cardamine concatenata"
"1436","5/2/18","WS, JLL","K116","ELYHYS","Elymus hystrix",2,2,0,0,0,0,0,"","","Elymus elymoides"
"1437","5/2/18","WS, JLL","K116","ERYALB","Erythronium albidum",5,3,0,0,0,0,0,"","","Erythronium albidum"
"1438","5/2/18","WS, JLL","K116","ELYVIR","Elymus virginicus",2,2,0,0,0,0,0,"","","Elymus virginicus"
"1443","5/2/18","JLL","K130","CARCON","Cardamine concatenata",2,1,0,0,0,0,0,"","","Cardamine concatenata"
"1448","5/2/18","WS, JLL","K137","Cirsium sp.","Cirsium sp.",1,2,0,0,0,0,0,"","","Cirsium"
"1450","5/7/18","JLL, WS","KK101","CIRLUC","Circaea lutetiana",1,2,0,0,0,0,0,"","","Circaea lutetiana"
"1462","5/4/18","JLL, PB","KK116","CARCON","Cardamine concatenata",55,5,0,0,3,0,6,"dead ash root/buttress in plot","","Cardamine concatenata"
"1465","5/4/18","JLL, PB","KK116","CIRLUC","Circaea lutetiana",2,2,0,0,0,0,0,"","","Circaea lutetiana"
"1469","5/4/18","BS, WO","KK119","OSMCLA","Osmorhiza claytonii",10,3,0,0,2,0,6,"","","Osmorhiza aristata var. aristata"
"1472","5/4/18","BS, WO","KK119","TRIREC","Trillium recurvatum",4,2,0,0,0,0,0,"","","Trillium recurvatum"
"1480","5/18/18","PB, WO","KK121","POLSCN","Polygonum scandens",2,2,0,0,0,0,0,"","","Fallopia scandens"
"1482","5/18/18","PB, WO","KK121","FLOPRO","Floerkea proserpinacoides",20,3,0,0,0,0,0,"","","Floerkea proserpinacoides"
"1484","5/18/18","PB, WO","KK121","CELOCC","Celtis occidentalis",2,2,0,0,0,0,0,"","","Celtis occidentalis"
"1485","5/18/18","PB, WO","KK121","SOLDUL","Solanum dulcamara",2,2,0,0,0,0,0,"","","Solanum dulcamara"
"1490","5/18/18","PB, WO","KK122","LYSCIL","Lysimachia ciliata",2,2,0,0,0,0,0,"","","Lysimachia ciliata"
"1493","5/18/18","PB, WO","KK122","MALSIE","Malus sieboldii",1,2,0,0,0,0,0,"","","Malus sieboldii"
"1499","5/10/18","BS, TP","KK145","TRIREC","Trillium recurvatum",3,2,0,0,3,0,5,"open canopy","","Trillium recurvatum"
"1502","5/10/18","BS, TP","KK145","ERYALB","Erythronium albidum",3,2,0,0,3,0,5,"open canopy","","Erythronium albidum"
"1505","5/1/18","CB, PB","L111","CLAVIR","Claytonia virginica",3,2,0,3,5,0,4,"","","Claytonia virginica"
"1506","5/1/18","CB, PB","L111","CARCON","Cardamine concatenata",4,2,0,0,0,0,0,"","","Cardamine concatenata"
"1509","5/1/18","WS, JLL","L120","CARCON","Cardamine concatenata",20,3,0,0,2,0,7,"a lot of saplings & down wood outside of plot (large end)","","Cardamine concatenata"
"1512","5/1/18","WS, JLL","L120","CLAVIR","Claytonia virginica",1,2,0,0,0,0,0,"","","Claytonia virginica"
"1513","5/1/18","WS, JLL","L121","ERYALB","Erythronium albidum",5,3,0,2,3,0,6,"","","Erythronium albidum"
"1515","5/1/18","WS, JLL","L121","CARCOR","Cardamine concatenata",1,2,0,0,0,0,0,"","","Cardamine concatenata"
"1524","5/7/18","JLL, WS","LL103","Symphyotrichum sp.","Symphyotrichum sp.",1,2,0,0,0,0,0,"","","Symphyotrichum"
"1530","5/7/18","JLL, WS","LL104","VIOSOR","Viola sororia",1,2,0,0,0,0,0,"","","Viola sororia"
"1538","5/4/18","JLL, PB","LL110","VIOSOR","Viola sororia",1,2,0,0,0,0,0,"","","Viola sororia"
"1548","5/4/18","JLL, PB","LL114","CARCON","Cardamine concatenata",5,3,0,0,0,0,0,"","","Cardamine concatenata"
"1556","5/4/18","JLL, PB","LL114","OSMCLA","Osmorhiza claytonii",1,2,0,0,0,0,0,"","","Osmorhiza aristata var. aristata"
"1559","5/4/18","JLL, PB","LL114","Symphyotrichum sp.","Symphyotrichum sp.",1,2,0,0,0,0,0,"Lateriflorus??","","Symphyotrichum"
"1561","5/4/18","BS, WO","LL119","CLAVIR","Claytonia virginica",6,3,0,0,0,0,6,"","","Claytonia virginica"
"1572","5/10/18","PB, WO","LL133","ERYALB","Erythronium albidum",3,2,0,0,0,0,0,"","","Erythronium albidum"
"1575","5/15/18","MO, WS","LL141","RANSEP","Ranunculus septentrionalis",5,3,0,0,0,0,5,"hoop in brush pile - lots of HYDCAN just outside of hoope - brush pile on top of colony","","Ranunculus septentrionalis"
"1576","5/15/18","MO, WS","LL141","CARCON","Cardamine concatenata",4,2,0,0,0,0,0,"","","Cardamine concatenata"
"1590","5/8/18","MO, PB","LL90","ERYALB","Erythronium albidum",5,3,0,0,0,0,5,"","","Erythronium albidum"
"1591","5/8/18","MO, PB","LL90","TRIREC","Trillium recurvatum",8,3,0,0,0,0,0,"","","Trillium recurvatum"
"1594","5/8/18","MO, PB","LL90","CLAVIR","Claytonia virginica",3,2,0,0,0,0,0,"","","Claytonia virginica"
"1595","5/8/18","MO, PB","LL90","Osmorhiza sp.","Osm. Sp.",5,3,0,0,0,0,0,"","","Osa"
"1597","5/8/18","MO, PB","LL90","Sanicula sp.","Sanicula sp.",4,2,0,0,0,0,0,"","","Sanicula"
"1604","5/8/18","MO, PB","LL90","CARCON","Cardamine concatenata",1,2,0,0,0,0,0,"","","Cardamine concatenata"
"1607","5/1/18","WS, JLL","M118","CARCON","Cardamine concatenata",10,3,0,0,0,0,0,"","","Cardamine concatenata"
"1608","5/1/18","WS, JLL","M118","ERYALB","Erythronium albidum",15,3,0,0,0,0,0,"","","Erythronium albidum"
"1613","5/2/18","WS, JLL","M134","CARCON","Cardamine concatenata",1,2,0,0,0,0,0,"","","Cardamine concatenata"
"1626","5/4/18","JLL, PB","MM114","CLAVIR","Claytonia virginica",1,2,0,0,0,0,0,"","","Claytonia virginica"
"1628","5/4/18","JLL, PB","MM114","CARCON","Cardamine concatenata",2,2,0,0,0,0,0,"","","Cardamine concatenata"
"1630","5/1/18","CB, PB","N110","CARCON","Cardamine concatenata",6,3,0,0,0,0,0,"","","Cardamine concatenata"
"1631","5/1/18","CB, PB","N110","CLAVIR","Claytonia virginica",5,3,0,0,0,0,0,"","","Claytonia virginica"
"1632","5/1/18","CB, PB","N110","ERYALB","Erythronium albidum",2,2,0,0,0,0,0,"","","Erythronium albidum"
"1635","5/2/18","WS, JLL","N113","CARCON","Cardamine concatenata",8,3,0,0,2,0,7,"","","Cardamine concatenata"
"1638","5/2/18","WS, JLL","N113","CLAVIR","Claytonia virginica",1,2,0,0,0,0,0,"","","Claytonia virginica"
"1640","5/1/18","WS, JLL","N116","ERYALB","Erythronium albidum",2,2,0,0,2,0,6,"","","Erythronium albidum"
"1642","5/1/18","WS, JLL","N116","CLAVIR","Claytonia virginica",3,2,0,0,0,0,0,"","","Claytonia virginica"
"1647","5/1/18","WS, JLL","N116","FLOPRO","Floerkea proserpinacoides",1,2,0,0,0,0,0,"","","Floerkea proserpinacoides"
"1649","5/1/18","WS, JLL","N116","SANGRE","Sanicula gregaria",1,2,0,0,0,0,0,"","","Sanicula gregaria"
"1650","5/1/18","WS, JLL","N116","CARCON","Cardamine concatenata",1,2,0,0,0,0,0,"","","Cardamine concatenata"
"1651","5/1/18","WS, JLL","N123","CARCON","Cardamine concatenata",10,3,0,0,0,0,7,"","","Cardamine concatenata"
"1654","5/2/18","WS, JLL","N128","Rumex sp.","Rumex sp.",1,2,0,0,0,0,0,"not curly leaf","","Rumex"
"1655","5/2/18","WS, JLL","N128","FLOPRO","Floerkea proserpinacoides",1,2,0,0,0,0,0,"","","Floerkea proserpinacoides"
"1658","5/3/18","BS, WO","N136","FLOPRO","Floerkea proserpinacoides",6,3,0,0,0,0,7,"","","Floerkea proserpinacoides"
"1664","5/3/18","BS, WO","N136","Eupatorium sp.","Eupatorium sp.",2,2,0,0,0,0,0,"","","Eupatorium"
"1683","5/7/18","JLL, WS","NN110","CIRLUC","Circaea lutetiana",1,2,0,0,0,0,0,"","","Circaea lutetiana"
"1685","5/7/18","JLL, WS","NN110","VIOSOR","Viola sororia",12,3,0,0,0,0,0,"","","Viola sororia"
"1686","5/7/18","JLL, WS","NN110","ANEQUI","Anemone quinquefolia",1,2,0,0,0,0,0,"","","Anemone quinquefolia"
"1704","5/4/18","BS, WO","NN118","CLAVIR","Claytonia virginica",2,2,0,0,0,0,0,"","","Claytonia virginica"
"1705","5/4/18","BS, WO","NN118","POLSCA","Polygonum scandens",2,2,0,0,0,0,0,"","","Fallopia scandens"
"1706","5/15/18","SZ, WO","NN126","ERIPHI","Erigeron philadelphicus",2,2,0,3,0,0,5,"","","Erigeron philadelphicus"
"1711","5/15/18","SZ, WO","NN126","MALSIE","Malus sieboldii",3,2,0,0,0,0,0,"","","Malus sieboldii"
"1722","5/15/18","MO, WS","NN136","ERYALB","Erythronium albidum",5,3,0,0,0,0,0,"","","Erythronium albidum"
"1727","5/15/18","MO, WS","NN136","CARCON","Cardamine concatenata",2,2,0,0,0,0,0,"","","Cardamine concatenata"
"1729","5/10/18","BS, TP","NN145","CARCON","Cardamine concatenata",1,2,0,0,3,0,6,"","","Cardamine concatenata"
"1733","5/10/18","BS, TP","NN145","TRIREC","Trillium recurvatum",1,2,0,0,0,0,0,"","","Trillium recurvatum"
"1741","5/2/18","CB, PB","O105","ERYALB","Erythronium albidum",15,3,0,0,3,0,6,"","","Erythronium albidum"
"1744","5/1/18","CB, PB","O108","CARCON","Cardamine concatenata",65,5,0,0,2,0,4,"","","Cardamine concatenata"
"1746","5/1/18","CB, PB","O108","CLAVIR","Claytonia virginica",25,4,0,0,0,0,0,"","","Claytonia virginica"
"1749","5/1/18","CB, PB","O109","CARCON","Cardamine concatenata",25,4,0,0,4,0,4,"","","Cardamine concatenata"
"1750","5/1/18","CB, PB","O109","ERYALB","Erythronium albidum",20,3,0,0,0,0,0,"","","Erythronium albidum"
"1751","5/1/18","CB, PB","O109","CLAVIR","Claytonia virginica",45,4,0,0,0,0,0,"","","Claytonia virginica"
"1755","5/2/18","WS, JLL","O112","CARCON","Cardamine concatenata",3,2,0,0,0,0,7,"","","Cardamine concatenata"
"1756","5/2/18","WS, JLL","O112","TRIREC","Trillium recurvatum",3,2,0,0,0,0,0,"","","Trillium recurvatum"
"1757","5/2/18","WS, JLL","O112","UVUGRA","Uvularia grandiflora",1,2,0,0,0,0,0,"","","Uvularia grandiflora"
"1760","5/2/18","WS, JLL","O120","ERYALB","Erythronium albidum",1,2,0,0,0,0,0,"","","Erythronium albidum"
"1762","5/2/18","WS, JLL","O120","ANEQUI","Anemone quinquefolia",2,2,0,0,0,0,0,"","","Anemone quinquefolia"
"1763","5/2/18","WS, JLL","O120","CLAVIR","Claytonia virginica",1,2,0,0,0,0,0,"","","Claytonia virginica"
"1764","5/2/18","WS, JLL","O121","CARCON","Cardamine concatenata",6,3,0,0,2,0,6,"","","Cardamine concatenata"
"1765","5/2/18","WS, JLL","O121","ERYALB","Erythronium albidum",1,2,0,0,0,0,0,"","","Erythronium albidum"
"1766","5/2/18","WS, JLL","O121","UVUGRA","Uvularia grandiflora",1,2,0,0,0,0,0,"","","Uvularia grandiflora"
"1768","5/2/18","JLL","O131","FLOPRO","Floerkea proserpinacoides",3,2,0,0,0,0,7,"","","Floerkea proserpinacoides"
"1772","5/2/18","JLL","O131","ERYALB","Erythronium albidum",1,2,0,0,0,0,0,"","","Erythronium albidum"
"1773","5/2/18","JLL","O131","CLAVIR","Claytonia virginica",1,2,0,0,0,0,0,"","","Claytonia virginica"
"1777","5/2/18","WS, JLL","O136","FLOPRO","Floerkea proserpinacoides",3,4,0,0,0,0,0,"","","Floerkea proserpinacoides"
"1785","5/7/18","JLL, WS","OO100","CIRLUC","Circaea lutetiana",1,2,0,0,0,0,0,"","","Circaea lutetiana"
"1792","5/7/18","JLL, WS","OO101","CELORB","Celastrus orbiculatus",1,2,1,0,0,0,0,"","","Celastrus orbiculatus"
"1813","5/7/18","JLL, WS","OO110","VIOSOR","Viola sororia",1,2,0,3,0,0,6,"","","Viola sororia"
"1819","5/7/18","JLL, WS","OO110","PRUVUV","Prunella vulgaris",1,2,0,0,0,0,0,"","","Prunella vulgaris"
"1821","5/7/18","JLL, WS","OO110","SOLGIG","Solidago gigantea",3,2,0,0,0,0,0,"","","Solidago gigantea"
"1828","5/9/18","JLL, WS","OO130","TRIREC","Trillium recurvatum",5,3,0,0,0,0,6,"base of tree","","Trillium recurvatum"
"1829","5/9/18","JLL, WS","OO130","ERYALB","Erythronium albidum",3,2,0,0,0,0,0,"","","Erythronium albidum"
"1835","5/10/18","BS, TP","OO146","ERYALB","Erythronium albidum",1,2,0,0,0,0,0,"","","Erythronium albidum"
"1839","5/1/18","CB, PB","P107","CLAVIR","Claytonia virginica",10,3,0,0,3,0,7,"","","Claytonia virginica"
"1841","5/1/18","CB, PB","P107","TRIGRA","Trillium grandiflorum",2,2,0,0,0,0,0,"","","Trillium grandiflorum"
"1845","5/1/18","WS, JLL","P124","CARCON","Cardamine concatenata",6,3,0,0,0,0,0,"","","Cardamine concatenata"
"1848","5/1/18","WS, JLL","P124","ANEQUI","Anemone quinquefolia",2,2,0,0,0,0,0,"","","Anemone quinquefolia"
"1850","5/1/18","WS, JLL","P124","ERYALB","Erythronium albidum",3,2,0,0,0,0,0,"","","Erythronium albidum"
"1851","5/1/18","WS, JLL","P124","CARCON","Cardamine concatenata",3,2,0,0,0,0,0,"","","Cardamine concatenata"
"1852","5/1/18","WS, JLL","P124","ANEQUI","Anemone quinquefolia",1,2,0,0,0,0,0,"","","Anemone quinquefolia"
"1856","5/2/18","WS, JLL","P138","Cirsium sp.","Cirsium sp.",1,2,0,0,0,0,0,"","","Cirsium"
"1863","5/7/18","JLL, WS","PP102","PRUVUV","Prunella vulgaris",1,2,0,0,0,0,0,"","","Prunella vulgaris"
"1866","5/9/18","JLL, WS","PP134","SANGRE","Sanicula gregaria",1,2,0,0,0,0,7,"","","Sanicula gregaria"
"1875","5/16/18","BS, WS","PP143","CARCON","Cardamine concatenata",3,2,0,0,0,0,0,"","","Cardamine concatenata"
"1876","5/16/18","BS, WS","PP143","ERYALB","Erythronium albidum",4,2,0,0,0,0,0,"","","Erythronium albidum"
"1881","5/10/18","BS, TP","PP146","TRIREC","Trillium recurvatum",3,2,0,0,0,0,0,"","","Trillium recurvatum"
"1884","5/10/18","BS, TP","PP146","ERYALB","Erythronium albidum",2,2,0,0,0,0,0,"","","Erythronium albidum"
"1887","5/2/18","CB, PB","Q110","CARCON","Cardamine concatenata",4,2,0,0,0,0,0,"","","Cardamine concatenata"
"1888","5/2/18","CB, PB","Q110","CLAVIR","Claytonia virginica",2,2,0,0,0,0,0,"","","Claytonia virginica"
"1889","5/2/18","CB, PB","Q110","ALLBUR","Allium burdickii",2,2,0,0,0,0,0,"","","Allium tricoccum var. burdickii"
"1890","5/2/18","CB, PB","Q110","CXALBU","Carex albursina",3,2,0,0,0,0,0,"","","Carex albursina"
"1892","5/1/18","WS, JLL","Q120","CARCON","Cardamine concatenata",5,3,0,0,0,0,0,"","","Cardamine concatenata"
"1894","5/1/18","WS, JLL","Q122","CARCON","Cardamine concatenata",5,3,0,0,0,0,0,"","","Cardamine concatenata"
"1895","5/1/18","WS, JLL","Q122","ERYALB","Erythronium albidum",2,2,0,0,0,0,0,"","","Erythronium albidum"
"1898","5/1/18","WS, JLL","Q129","CARCON","Cardamine concatenata",3,2,0,0,0,2,6,"","","Cardamine concatenata"
"1899","5/1/18","WS, JLL","Q129","ERYALB","Erythronium albidum",3,2,0,0,0,0,0,"","","Erythronium albidum"
"1900","5/1/18","WS, JLL","Q129","UVUGRA","Uvularia grandiflora",1,2,0,0,0,0,0,"","","Uvularia grandiflora"
"1904","5/2/18","WS, JLL","Q132","FLOPRO","Floerkea proserpinacoides",8,3,0,0,0,0,0,"","","Floerkea proserpinacoides"
"1905","5/2/18","WS, JLL","Q132","CLAVIR","Claytonia virginica",1,2,0,0,0,0,0,"","","Claytonia virginica"
"1906","5/2/18","WS, JLL","Q132","CARCON","Cardamine concatenata",2,2,0,0,0,0,0,"","","Cardamine concatenata"
"1911","5/8/18","KS, WO","Q96","TRIREC","Trillium recurvatum",3,2,0,0,0,0,0,"","","Trillium recurvatum"
"1914","5/8/18","KS, WO","Q96","Symphyotrichum sp.","Symphyotrichum sp.",1,2,0,0,0,0,0,"","","Symphyotrichum"
"1916","5/9/18","JLL, WS","QQ131","CLAVIR","Claytonia virginica",2,2,0,0,0,0,0,"","","Claytonia virginica"
"1917","5/9/18","JLL, WS","QQ131","VIOSOR","Viola sororia",1,2,0,0,0,0,0,"","","Viola sororia"
"1919","5/9/18","JLL, WS","QQ131","SANGRE","Sanicula gregaria",1,2,0,0,0,0,0,"","","Sanicula gregaria"
"1925","5/9/18","JLL, WS","QQ131","CELOCC","Celtis occidentalis",1,2,0,0,0,0,0,"","","Celtis occidentalis"
"1927","5/9/18","JLL, WS","QQ133","CARCON","Cardamine concatenata",7,3,0,0,0,0,3,"","","Cardamine concatenata"
"1928","5/9/18","JLL, WS","QQ133","CLAVIR","Claytonia virginica",2,2,0,0,0,0,0,"","","Claytonia virginica"
"1935","5/17/18","BS, WS","QQ139","CARCON","Cardamine concatenata",2,2,0,0,0,0,0,"","","Cardamine concatenata"
"1936","5/17/18","BS, WS","QQ139","ERYALB","Erythronium albidum",3,2,0,0,0,0,0,"","","Erythronium albidum"
"1950","5/16/18","BS, WS","QQ140","CARCON","Cardamine concatenata",5,3,0,0,0,0,0,"","","Cardamine concatenata"
"1952","5/16/18","BS, WS","QQ140","ERYALB","Erythronium albidum",5,3,0,0,0,0,0,"","","Erythronium albidum"
"1953","5/16/18","BS, WS","QQ140","TRIREC","Trillium recurvatum",3,2,0,0,0,0,0,"","","Trillium recurvatum"
"1960","5/10/18","BS, TP","QQ146","TRIREC","Trillium recurvatum",2,2,0,0,0,0,0,"","","Trillium recurvatum"
"1961","5/10/18","BS, TP","QQ146","ERYALB","Erythronium albidum",8,3,0,0,0,0,0,"","","Erythronium albidum"
"1965","5/2/18","CB, PB","R109","CARCON","Cardamine concatenata",8,3,0,0,2,0,6,"","","Cardamine concatenata"
"1966","5/2/18","CB, PB","R109","TRIREC","Trillium recurvatum",2,2,0,0,0,0,0,"","","Trillium recurvatum"
"1969","5/2/18","CB, PB","R113","CARCON","Cardamine concatenata",65,5,0,0,0,0,3,"","","Cardamine concatenata"
"1970","5/2/18","CB, PB","R113","TRIREC","Trillium recurvatum",30,4,0,0,0,0,0,"","","Trillium recurvatum"
"1971","5/2/18","CB, PB","R113","CLAVIR","Claytonia virginica",4,2,0,0,0,0,0,"","","Claytonia virginica"
"1972","5/2/18","CB, PB","R113","CARCON","Cardamine concatenata",65,5,0,0,0,0,4,"","","Cardamine concatenata"
"1973","5/2/18","CB, PB","R113","TRIREC","Trillium recurvatum",30,4,0,0,0,0,0,"","","Trillium recurvatum"
"1975","5/2/18","WS, JLL","R116","ERYALB","Erythronium albidum",10,3,0,0,0,0,0,"","","Erythronium albidum"
"1976","5/2/18","WS, JLL","R116","CLAVIR","Claytonia virginica",2,2,0,0,0,0,0,"","","Claytonia virginica"
"1977","5/2/18","WS, JLL","R116","ANEQUI","Anemone quinquefolia",3,2,0,0,0,0,0,"","","Anemone quinquefolia"
"1978","5/2/18","WS, JLL","R116","CARCON","Cardamine concatenata",2,2,0,0,0,0,0,"","","Cardamine concatenata"
"1981","5/2/18","WS, JLL","R116","UVUGRA","Uvularia grandiflora",1,2,0,0,0,0,0,"","","Uvularia grandiflora"
"1982","5/1/18","WS, JLL","R128","CARCON","Cardamine concatenata",4,2,0,0,0,0,7,"","","Cardamine concatenata"
"1983","5/1/18","WS, JLL","R128","ERYALB","Erythronium albidum",2,2,0,0,0,0,0,"","","Erythronium albidum"
"1986","5/8/18","JLL, SML","R75","ERYALB","Erythronium albidum",20,3,0,0,0,0,6,"","","Erythronium albidum"
"1991","5/8/18","JLL, SML","R75","Elymus sp.","Elymus sp.",2,2,0,0,0,0,0,"bottle brush?","","Elymus"
"1996","5/8/18","JLL, SML","R75","ANEQUI","Anemone quinquefolia",1,2,0,0,0,0,0,"","","Anemone quinquefolia"
"1997","5/8/18","JLL, SML","R79","SPAEUR","Sparganium eurycarpum",8,3,0,3,0,0,6,"","","Sparganium eurycarpum"
"1999","5/8/18","JLL, SML","R79","ALISUB","Alisma subcordatum",5,3,0,0,0,0,0,"","","Alisma subcordatum"
"2005","5/8/18","KC, WO","R83","ERYALB","Erythronium albidum",20,3,0,0,0,0,0,"","","Erythronium albidum"
"2011","5/8/18","KC, WO","R83","Elymus sp.","Elymus sp.",1,2,0,0,0,0,0,"","","Elymus"
"2013","5/8/18","KC, WO","R83","TRIREC","Trillium recurvatum",5,3,0,0,0,0,0,"","","Trillium recurvatum"
"2017","5/8/18","KC, WO","R86","ALLBUR","ALLBUR",2,2,0,0,0,0,0,"","","Allium"
"2018","5/8/18","KC, WO","R86","ERYALB","Erythronium albidum",10,3,0,0,0,0,0,"","","Erythronium albidum"
"2024","5/8/18","KC, WO","R86","Symphyotrichum sp.","Symphyotrichum sp.",2,2,0,0,0,0,0,"","","Symphyotrichum"
"2025","5/7/18","JLL, WS","RR113","OSMCLO","Osmorhiza claytonii",15,3,0,0,0,0,3,"","","Osmorhiza aristata var. aristata"
"2026","5/7/18","JLL, WS","RR113","CIRLUC","Circaea lutetiana",1,2,0,0,0,0,0,"","","Circaea lutetiana"
"2032","5/9/18","PB, WO","RR126","CIRLUC","Circaea lutetiana",10,3,0,0,0,0,6,"","","Circaea lutetiana"
"2046","5/9/18","PB, WO","RR129","ROBPSE","Robinia pseudoacacia",5,3,0,0,0,0,0,"basal area","","Robinia pseudoacacia"
"2047","5/9/18","PB, WO","RR129","CARCON","Cardamine concatenata",1,2,0,0,0,0,0,"","","Cardamine concatenata"
"2053","5/17/18","BS, WS","RR138","CARCON","Cardamine concatenata",6,3,0,0,0,0,0,"","","Cardamine concatenata"
"2054","5/17/18","BS, WS","RR138","ERYALB","Erythronium albidum",3,2,0,0,0,0,0,"","","Erythronium albidum"
"2059","5/18/18","BS, WS","RR139","ERYALB","Erythronium albidum",5,3,0,0,0,0,0,"","","Erythronium albidum"
"2060","5/17/18","BS, WS","RR139","CARCON","Cardamine concatenata",4,2,0,0,0,0,0,"","","Cardamine concatenata"
"2062","5/17/18","BS, WS","RR139","TRIREC","Trillium recurvatum",2,2,0,0,0,0,0,"","","Trillium recurvatum"
"2067","5/16/18","BS, WS","RR142","TRIREC","Trillium recurvatum",3,2,0,0,0,0,0,"","","Trillium recurvatum"
"2068","5/16/18","BS, WS","RR142","ERYALB","Erythronium albidum",1,2,0,0,0,0,0,"","","Erythronium albidum"
"2069","5/16/18","BS, WS","RR142","CARCON","Cardamine concatenata",2,2,0,0,0,0,0,"","","Cardamine concatenata"
"2073","5/1/18","CB, PB","S105","CLAVIR","Claytonia virginica",3,2,0,0,50,0,4,"large bur oak in herb plot","","Claytonia virginica"
"2074","5/1/18","CB, PB","S105","CARCON","Cardamine concatenata",3,2,0,0,0,0,0,"","","Cardamine concatenata"
"2077","5/1/18","CB, PB","S105","ERYALB","Erythronium albidum",7,3,0,0,0,0,0,"","","Erythronium albidum"
"2078","5/2/18","PB","S111","MERVIR","Mertensia virginica",60,5,0,0,0,0,3,"","","Mertensia virginica"
"2079","5/2/18","PB","S111","CARCON","Cardamine concatenata",7,3,0,0,0,0,0,"","","Cardamine concatenata"
"2082","5/2/18","PB","S111","FLOPRO","Floerkea proserpinacoides",2,2,0,0,0,0,0,"","","Floerkea proserpinacoides"
"2083","5/2/18","PB","S111","ERYALB","Erythronium albidum",3,2,0,0,0,0,0,"","","Erythronium albidum"
"2086","5/1/18","WS, JLL","S126","CARCON","Cardamine concatenata",6,3,0,0,0,0,6,"Sugar maple tree in plot","","Cardamine concatenata"
"2088","5/1/18","WS, JLL","S126","ERYALB","Erythronium albidum",1,2,0,0,0,0,0,"","","Erythronium albidum"
"2094","5/2/18","WS, JLL","S134","FLOPRO","Floerkea proserpinacoides",8,3,0,0,0,0,0,"","","Floerkea proserpinacoides"
"2095","5/2/18","WS, JLL","S134","CARCON","Cardamine concatenata",2,2,0,0,0,0,0,"","","Cardamine concatenata"
"2099","5/8/18","JLL, SML","S70","CAMSCI","Camassia scilloides",5,3,0,0,0,0,5,"","","Camassia scilloides"
"2101","5/8/18","JLL, SML","S70","ERYALB","Erythronium albidum",10,3,0,0,0,0,0,"","","Erythronium albidum"
"2110","5/8/18","JLL, SML","S72","ERYALB","Erythronium albidum",20,3,0,0,0,0,6,"","","Erythronium albidum"
"2119","5/8/18","JLL, SML","S75","CARCON","Cardamine canadensis",3,2,0,0,0,0,6,"","","Cardamine"
"2122","5/8/18","JLL, SML","S75","ERYALB","Erythronium albidum",1,2,0,0,0,0,0,"","","Erythronium albidum"
"2130","5/8/18","KC, WO","S86","ERYALB","Erythronium albidum",50,5,0,0,0,0,0,"","","Erythronium albidum"
"2132","5/8/18","KC, WO","S86","VIOSOR","Viola sororia",2,2,0,0,0,0,0,"","","Viola sororia"
"2136","5/7/18","SL, WO","S97","ERYALB","Erythronium albidum",12,3,0,0,0,0,0,"","","Erythronium albidum"
"2138","5/7/18","SL, WO","S97","CIRLUC","Circaea lutetiana",1,2,0,0,0,0,0,"","","Circaea lutetiana"
"2143","5/7/18","JLL, WS","SS113","CIRLUC","Circaea lutetiana",3,2,0,0,0,0,0,"","","Circaea lutetiana"
"2154","5/15/18","MO, WS","SS136","RANSEP","Ranunculus septentrionalis",2,2,0,0,0,0,0,"","","Ranunculus septentrionalis"
"2155","5/15/18","MO, WS","SS136","CARCON","Cardamine concatenata",2,2,0,0,0,0,0,"","","Cardamine concatenata"
"2158","5/16/18","BS, WS","SS141","BERTHU","Berberis thunbergii",25,4,0,3,0,0,7,"","","Berberis thunbergii"
"2163","5/16/18","BS, WS","SS141","THEPAL","Thelypteris palustris",3,2,0,0,0,0,0,"photo","","Thelypteris confluens"
"2165","5/16/18","BS, WS","SS142","ERYALB","Erythronium albidum",1,2,0,0,0,0,0,"","","Erythronium albidum"
"2169","5/2/18","CB, PB","T114","CARCON","Cardamine concatenata",12,3,0,0,0,0,0,"","","Cardamine concatenata"
"2170","5/2/18","CB, PB","T114","ERYALB","Erythronium albidum",60,5,0,0,0,0,0,"","","Erythronium albidum"
"2172","5/2/18","CB, PB","T114","CELOCC","Celtis occidentalis",3,2,0,0,0,0,0,"","","Celtis occidentalis"
"2174","5/1/18","WS, JLL","T122","CLAVIR","Claytonia virginica",1,2,0,0,0,0,7,"","","Claytonia virginica"
"2175","5/1/18","WS, JLL","T122","ANEQUI","Anemone quinquefolia",4,2,0,0,0,0,0,"","","Anemone quinquefolia"
"2176","5/1/18","WS, JLL","T122","CARCON","Cardamine concatenata",1,2,0,0,0,0,0,"","","Cardamine concatenata"
"2181","5/2/18","BS, WO","T127","CARCON","Cardamine concatenata",2,2,0,0,0,0,6,"","","Cardamine concatenata"
"2182","5/2/18","BS, WO","T127","ERYALB","Erythronium albidum",2,2,0,0,0,0,0,"","","Erythronium albidum"
"2186","5/2/18","BS, WO","T127","PHLDIV","Phlox divaricata",15,3,0,0,0,0,0,"","","Phlox divaricata"
"2188","5/2/18","BS, WO","T127","CARCON","Cardamine concatenata",15,3,0,0,0,0,0,"","","Cardamine concatenata"
"2189","5/2/18","BS, WO","T132","CARCON","Cardamine concatenata",8,3,0,0,10,0,6,"","","Cardamine concatenata"
"2191","5/2/18","BS, WO","T132","CARCON","Cardamine concatenata",4,2,0,0,0,0,0,"","","Cardamine concatenata"
"2192","5/2/18","BS, WO","T132","TRIREC","Trillium recurvatum",3,2,0,0,0,0,0,"","","Trillium recurvatum"
"2197","5/8/18","JLL, SML","T70","ERYALB","Erythronium albidum",20,3,0,0,0,0,5,"","","Erythronium albidum"
"2198","5/8/18","JLL, SML","T70","CAMSCI","Camassia scilloides",2,2,0,0,0,0,0,"","","Camassia scilloides"
"2204","5/8/18","JLL, SML","T70","Elymus sp.","Elymus sp.",1,2,0,0,0,0,0,"","","Elymus"
"2209","5/8/18","JLL, SML","T70","Elymus sp.","Elymus sp.",1,2,0,0,0,0,0,"Elymus villosus?","","Elymus"
"2210","5/8/18","JLL, SML","T75","ERYALB","Erythronium albidum",30,4,0,0,0,0,6,"","","Erythronium albidum"
"2217","5/8/18","JLL, SML","T77","ERYALB","Erythronium albidum",2,2,0,0,0,0,0,"","","Erythronium albidum"
"2221","5/8/18","JLL, SML","T77","CARCON","Cardamine concatenata",1,2,0,0,0,0,0,"","","Cardamine concatenata"
"2222","5/4/18","BS, WO","T84","TRIREC","Trillium recurvatum",4,2,0,0,5,0,6,"","","Trillium recurvatum"
"2226","5/4/18","BS, WO","T84","Symphyotrichum sp.","Symphyotrichum sp.",1,2,0,0,0,0,0,"","","Symphyotrichum"
"2230","5/8/18","JLL, SML","T87","ERYALB","Erythronium albidum",30,4,0,0,0,0,5,"","","Erythronium albidum"
"2236","5/8/18","JLL, SML","T87","TRIREC","Trillium recurvatum",1,2,0,0,0,0,0,"","","Trillium recurvatum"
"2237","5/8/18","JLL, SML","T87","CIRLUC","Circaea lutetiana",1,2,0,0,0,0,0,"","","Circaea lutetiana"
"2241","5/4/18","BS, WO","T88","ERYALB","Erythronium albidum",50,5,0,0,5,0,5,"","","Erythronium albidum"
"2245","5/4/18","BS, WO","T88","Symphyotrichum sp.","Symphyotrichum sp.",3,2,0,0,0,0,0,"","","Symphyotrichum"
"2247","5/4/18","BS, WO","T88","EUPPUR","Eupatorium purpureum",3,2,0,0,0,0,0,"","","Eupatorium purpureum"
"2255","5/4/18","BS, WO","T89","ERYALB","Erythronium albidum",1,2,0,0,0,0,0,"","","Erythronium albidum"
"2256","5/4/18","BS, WO","T89","Elymus sp.","Elymus sp.",1,2,0,0,0,0,0,"","","Elymus"
"2258","5/4/18","BS, WO","T89","CLAVIR","Claytonia virginica",2,2,0,0,0,0,0,"","","Claytonia virginica"
"2260","5/4/18","BS, WO","T89","Symphyotrichum sp.","Symphyotrichum sp.",2,2,0,0,0,0,0,"","","Symphyotrichum"
"2267","5/7/18","JLL, WS","TT110","CIRLUC","Circaea lutetiana",5,3,0,0,0,0,0,"","","Circaea lutetiana"
"2280","5/10/18","PB, WO","TT131","MAIRAC","MAIRAC",2,2,0,0,0,0,0,"","","Marah"
"2286","5/10/18","PB, WO","TT132","TRIREC","Trillium recurvatum",2,2,0,0,0,0,0,"","","Trillium recurvatum"
"2289","5/10/18","PB, WO","TT132","CLAVIR","Claytonia virginica",1,2,0,0,0,0,0,"","","Claytonia virginica"
"2293","5/10/18","PB, WO","TT133","CIRLUC","Circaea lutetiana",1,2,0,0,0,0,0,"","","Circaea lutetiana"
"2296","5/10/18","PB, WO","TT133","CARCON","Cardamine concatenata",2,2,0,0,0,0,0,"","","Cardamine concatenata"
"2299","5/15/18","MO, WS","TT137","ERYALB","Erythronium albidum",2,2,0,0,0,0,5,"","","Erythronium albidum"
"2300","5/15/18","MO, WS","TT137","CARCON","Cardamine concatenata",8,3,0,0,0,0,0,"","","Cardamine concatenata"
"2313","5/15/18","MO, WS","TT140","ERYALB","Erythronium albidum",2,2,0,0,0,0,0,"","","Erythronium albidum"
"2314","5/15/18","MO, WS","TT140","HYDAPP","Hydrophyllum appendiculatum",4,2,0,0,0,0,0,"","","Hydrophyllum appendiculatum"
"2321","5/17/18","BS, WS","TT145","CXJAME","Carex jamesii",4,2,0,0,0,0,6,"","","Carex jamesii"
"2327","5/2/18","CB, PB","U107","FLOPRO","Floerkea proserpinacoides",45,4,0,0,7,0,4,"","","Floerkea proserpinacoides"
"2328","5/2/18","CB, PB","U107","CLAVIR","Claytonia virginica",20,3,0,0,0,0,0,"","","Claytonia virginica"
"2330","5/2/18","CB, PB","U107","Allium sp.","Allium sp.",10,3,0,0,0,0,0,"","","Allium"
"2331","5/2/18","CB, PB","U107","ERYALB","Erythronium albidum",4,2,0,0,0,0,0,"","","Erythronium albidum"
"2335","5/2/18","CB, PB","U110","FLOPRO","Floerkea proserpinacoides",10,3,0,0,0,0,0,"","","Floerkea proserpinacoides"
"2337","5/2/18","CB, PB","U110","ERYALB","Erythronium albidum",7,3,0,0,0,0,0,"","","Erythronium albidum"
"2339","5/2/18","CB, PB","U110","CARDOU","Cardamine douglassii",2,2,0,0,0,0,0,"","","Cardamine douglassii"
"2341","5/2/18","CB, PB","U110","CLAVIR","Claytonia virginica",5,3,0,0,0,0,0,"","","Claytonia virginica"
"2342","5/2/18","CB, PB","U110","CARCON","Cardamine concatenata",7,3,0,0,0,0,0,"","","Cardamine concatenata"
"2347","5/2/18","CB, PB","U111","FLOPRO","Floerkea proserpinacoides",30,4,0,0,0,0,3,"","","Floerkea proserpinacoides"
"2349","5/2/18","CB, PB","U111","CARCON","Cardamine concatenata",4,2,0,0,0,0,0,"","","Cardamine concatenata"
"2350","5/2/18","CB, PB","U111","CLAVIR","Claytonia virginica",10,3,0,0,0,0,0,"","","Claytonia virginica"
"2351","5/2/18","CB, PB","U111","ERYALB","Erythronium albidum",15,3,0,0,0,0,0,"","","Erythronium albidum"
"2360","5/2/18","BS, WO","U130","FLOPRO","Floerkea proserpinacoides",65,5,0,0,0,0,0,"","","Floerkea proserpinacoides"
"2361","5/2/18","BS, WO","U130","CLAVIR","Claytonia virginica",4,2,0,0,0,0,0,"","","Claytonia virginica"
"2371","5/7/18","JLL, WO","U95","PRUVUV","Prunella vulgaris",6,3,0,0,0,0,0,"","","Prunella vulgaris"
"2372","5/7/18","JLL, WO","U95","ERYALB","Erythronium albidum",2,2,0,0,0,0,0,"","","Erythronium albidum"
"2373","5/7/18","JLL, WO","U95","TRIREC","Trillium recurvatum",1,2,0,0,0,0,0,"","","Trillium recurvatum"
"2375","5/7/18","JLL, WO","U95","VIOSOR","Viola sororia",2,2,0,0,0,0,0,"","","Viola sororia"
"2377","5/7/18","JLL, WO","U95","ACTPAC","Actaea pachypoda",2,2,0,0,0,0,0,"","","Actaea pachypoda"
"2378","5/7/18","JLL, WO","U95","SANGRE","Sanicula gregaria",2,2,0,0,0,0,0,"","","Sanicula gregaria"
"2383","5/7/18","JLL, WO","U95","HELAUT","Helenium autumnale",3,2,0,0,0,0,0,"","","Helenium autumnale"
"2390","5/7/18","JLL, WS","U95","CIRLUC","Circaea lutetiana",1,2,0,0,0,0,0,"","","Circaea lutetiana"
"2393","5/7/18","SL, WO","U98","ERYALB","Erythronium albidum",20,3,0,0,0,0,0,"","","Erythronium albidum"
"2409","5/11/18","PB","UU132","CLAVIR","Claytonia virginica",6,3,0,0,3,0,6,"","","Claytonia virginica"
"2410","5/2/18","CB, PB","V111","ERYALB","Erythronium albidum",7,3,0,0,0,0,4,"","","Erythronium albidum"
"2411","5/2/18","CB, PB","V111","ANEQUI","Anemone quinquefolia",30,4,0,0,0,0,0,"","","Anemone quinquefolia"
"2412","5/2/18","CB, PB","V111","CLAVIR","Claytonia virginica",30,4,0,0,0,0,0,"","","Claytonia virginica"
"2413","5/2/18","CB, PB","V111","DICCUC","Dicentra cucullaria",3,2,0,0,0,0,0,"","","Dicentra cucullaria"
"2414","5/2/18","CB, PB","V111","CARCON","Cardamine concatenata",6,3,0,0,0,0,0,"","","Cardamine concatenata"
"2415","5/2/18","CB, PB","V111","ERYALB","Erythronium albidum",7,3,0,0,0,0,4,"","","Erythronium albidum"
"2416","5/2/18","CB, PB","V111","ANEQUI","Anemone quinquefolia",30,4,0,0,0,0,0,"","","Anemone quinquefolia"
"2417","5/2/18","CB, PB","V111","CLAVIR","Claytonia virginica",30,4,0,0,0,0,0,"","","Claytonia virginica"
"2418","5/2/18","CB, PB","V111","DICCUC","Dicentra cucullaria",3,2,0,0,0,0,0,"","","Dicentra cucullaria"
"2419","5/2/18","CB, PB","V111","CARCON","Cardamine concatenata",6,3,0,0,0,0,0,"","","Cardamine concatenata"
"2420","5/2/18","CB, PB","V113","CARCON","Cardamine concatenata",55,5,0,0,0,0,5,"","","Cardamine concatenata"
"2421","5/2/18","CB, PB","V113","TRIREC","Trillium recurvatum",7,3,0,0,0,0,0,"","","Trillium recurvatum"
"2423","5/2/18","CB, PB","V113","CARCON","Cardamine concatenata",55,5,0,0,0,0,5,"","","Cardamine concatenata"
"2424","5/2/18","CB, PB","V113","TRIREC","Trillium recurvatum",7,3,0,0,0,0,0,"","","Trillium recurvatum"
"2426","5/2/18","CB, PB","V114","CLAVIR","Claytonia virginica",4,2,0,0,0,0,6,"","","Claytonia virginica"
"2427","5/2/18","CB, PB","V114","ERYALB","Erythronium albidum",4,2,0,0,0,0,0,"","","Erythronium albidum"
"2432","5/2/18","CB, PB","V114","CLAVIR","Claytonia virginica",4,2,0,0,0,0,6,"","","Claytonia virginica"
"2433","5/2/18","CB, PB","V114","ERYALB","Erythronium albidum",4,2,0,0,0,0,0,"","","Erythronium albidum"
"2439","5/2/18","BS, WO","V134","CARCON","Cardamine concatenata",2,2,0,0,0,0,0,"","","Cardamine concatenata"
"2449","5/8/18","JLL, SML","V84","ERYALB","Erythronium albidum",8,3,0,0,0,0,0,"","","Erythronium albidum"
"2451","5/8/18","JLL, SML","V84","CIRLUC","Circaea lutetiana",2,2,0,0,0,0,0,"","","Circaea lutetiana"
"2456","5/8/18","JLL, SML","V84","Oxalis sp.","Oxalis sp.",1,2,0,0,0,0,0,"","","Oxalis"
"2457","5/8/18","JLL, SML","V84","Quercus sp.","Quercus sp.",1,2,0,0,0,0,0,"seed coming from acorn","","Quercus"
"2461","5/7/18","SL, WO","V95","CAMSCI","Camassia scilloides",4,2,0,0,0,0,0,"","","Camassia scilloides"
"2462","5/7/18","SL, WO","V95","ERYALB","Erythronium albidum",2,2,0,0,0,0,0,"","","Erythronium albidum"
"2469","5/7/18","SL, WO","V95","ELYHYS","Elmus hystrix",3,2,0,0,0,0,0,"","","Elymus elymoides"
"2474","5/7/18","SL, WO","V95","Oxalis sp.","Oxalis sp.",1,2,0,0,0,0,0,"","","Oxalis"
"2476","5/7/18","SL, WO","V95","TRIREC","Trillium recurvatum",1,2,0,0,0,0,0,"","","Trillium recurvatum"
"2484","5/11/18","PB","VV133","CARCON","Cardamine concatenata",3,2,0,0,3,0,6,"","","Cardamine concatenata"
"2489","5/11/18","PB","VV133","CLAVIR","Claytonia virginica",3,2,0,0,0,0,0,"","","Claytonia virginica"
"2491","5/11/18","PB","VV133","Sanicula sp.","Sanicula sp.",1,2,0,0,0,0,0,"","","Sanicula"
"2494","5/1/18","CB, PB","W106","CLAVIR","Claytonia virginica",6,3,0,0,3,0,7,"","","Claytonia virginica"
"2498","5/1/18","CB, PB","W109","FLOPRO","Floerkea proserpinacoides",2,2,0,0,0,0,0,"","","Floerkea proserpinacoides"
"2499","5/2/18","CB, PB","W112","CARCON","Cardamine concatenata",40,4,0,0,0,0,5,"","","Cardamine concatenata"
"2500","5/2/18","CB, PB","W112","CLAVIR","Claytonia virginica",6,3,0,0,0,0,0,"","","Claytonia virginica"
"2501","5/2/18","CB, PB","W112","ERYALB","Erythronium albidum",8,3,0,0,0,0,0,"","","Erythronium albidum"
"2503","5/2/18","CB, PB","W112","ANEQUI","Anemone quinquefolia",2,2,0,0,0,0,0,"","","Anemone quinquefolia"
"2505","5/2/18","CB, PB","W112","CARCON","Cardamine concatenata",40,4,0,0,0,0,5,"","","Cardamine concatenata"
"2506","5/2/18","CB, PB","W112","CLAVIR","Claytonia virginica",6,3,0,0,0,0,0,"","","Claytonia virginica"
"2507","5/2/18","CB, PB","W112","ERYALB","Erythronium albidum",8,3,0,0,0,0,0,"","","Erythronium albidum"
"2509","5/2/18","CB, PB","W112","ANEQUI","Anemone quinquefolia",2,2,0,0,0,0,0,"","","Anemone quinquefolia"
"2512","5/2/18","BS, WO","W128","ERYALB","Erythronium albidum",10,3,0,0,0,0,0,"","","Erythronium albidum"
"2513","5/2/18","BS, WO","W128","CLAVIR","Claytonia virginica",4,2,0,0,0,0,0,"","","Claytonia virginica"
"2520","5/2/18","BS, WO","W128","MERVIR","Mertensia virginica",2,2,0,0,0,0,0,"","","Mertensia virginica"
"2521","5/2/18","BS, WO","W132","CARCON","Cardamine concatenata",15,3,0,0,5,0,6,"","","Cardamine concatenata"
"2525","5/3/18","BS, WO","W136","MERVIR","Mertensia virginica",5,3,0,0,0,0,4,"","","Mertensia virginica"
"2526","5/3/18","BS, WO","W136","CAMSCI","Camassia scilloides",4,2,0,0,0,0,0,"","","Camassia scilloides"
"2528","5/3/18","BS, WO","W136","FLOPRO","Floerkea proserpinacoides",6,3,0,0,0,0,0,"","","Floerkea proserpinacoides"
"2537","5/3/18","BS, WO","W137","TEUCAN","Teucrium canadense",2,2,0,0,0,0,0,"","","Teucrium canadense"
"2543","5/10/18","JLL, WS","W146","VERVIR","Veronicastrum virginicum",3,2,0,0,0,0,0,"","","Veronicastrum virginicum"
"2546","5/10/18","JLL, WS","W146","Bromus sp.","Bromus sp.",1,2,0,0,0,0,0,"","","Bromus"
"2547","5/8/18","JLL, SML","W71","CAMSCI","Camassia scilloides",75,6,0,0,0,0,4,"","","Camassia scilloides"
"2552","5/8/18","JLL, SML","W72","CAMSCI","Camassia scilloides",3,2,0,0,0,0,6,"","","Camassia scilloides"
"2553","5/8/18","JLL, SML","W72","TRIREC","Trillium recurvatum",1,2,0,0,0,0,0,"","","Trillium recurvatum"
"2554","5/8/18","JLL, SML","W72","ALLBUR","Allium burdickii",1,2,0,0,0,0,0,"","","Allium tricoccum var. burdickii"
"2561","5/8/18","JLL, SML","W72","CELORB","Celastrus orbiculatus",1,2,0,0,0,0,0,"","","Celastrus orbiculatus"
"2564","5/8/18","JLL, SML","W72","ERYALB","Erythronium albidum",1,2,0,0,0,0,0,"","","Erythronium albidum"
"2567","5/8/18","JLL, SML","W87","ERYALB","Erythronium albidum",70,5,0,0,0,0,3,"","","Erythronium albidum"
"2569","5/8/18","JLL, SML","W87","EUPPUR","Eupatorium purpureum",1,2,0,0,0,0,0,"","","Eupatorium purpureum"
"2573","5/8/18","JLL, SML","W87","TRIREC","Trillium recurvatum",1,2,0,0,0,0,0,"","","Trillium recurvatum"
"2579","5/8/18","JLL, SML","W87","Elymus sp.","Elymus sp.",1,2,0,0,0,0,0,"","","Elymus"
"2580","5/8/18","JLL, SML","W87","CIRLUC","Circaea lutetiana",2,2,0,0,0,0,0,"","","Circaea lutetiana"
"2584","5/8/18","KS, WO","W91","VIOSOR","Viola sororia",4,2,0,0,0,0,0,"","","Viola sororia"
"2585","5/8/18","KS, WO","W91","ERYALB","Erythronium albidum",50,5,0,0,0,0,0,"","","Erythronium albidum"
"2586","5/8/18","KS, WO","W91","CIRLUC","Circaea lutetiana",5,3,0,0,0,0,0,"","","Circaea lutetiana"
"2591","5/7/18","SL, WO","W95","Cerastium sp.","Cerastium sp.",3,2,0,0,0,0,0,"","","Cerastium"
"2593","5/7/18","SL, WO","W95","Veronica sp.","Veronica sp.",1,2,0,0,0,0,0,"","","Veronica"
"2612","5/9/18","PB, WO","WW124","HESMAT","Hesperis matronalis",1,2,0,0,0,0,0,"","","Hesperis matronalis"
"2613","5/11/18","PB","WW130","TRIREC","Trillium recurvatum",2,2,0,2,0,2,7,"","","Trillium recurvatum"
"2622","5/15/18","SZ, WO","WW137","CARCON","Cardamine concatenata",5,3,0,0,0,0,0,"","","Cardamine concatenata"
"2623","5/15/18","SZ, WO","WW137","VIOSOR","Viola sororia",2,2,0,0,0,0,0,"","","Viola sororia"
"2629","5/15/18","SZ, WO","WW137","ERYALB","Erythronium albidum",2,2,0,0,0,0,0,"","","Erythronium albidum"
"2633","5/18/18","CB","WW140","ERYALB","Erythronium albidum",7,3,0,0,0,0,0,"","","Erythronium albidum"
"2636","5/18/18","CB","WW140","BERTHU","Berberis thunbergii",3,2,0,0,0,0,0,"","","Berberis thunbergii"
"2637","5/18/18","CB","WW140","CARCON","Cardamine concatenata",2,2,0,0,0,0,0,"","","Cardamine concatenata"
"2639","5/18/18","CB","WW140","CIRLUC","Circaea lutetiana",2,2,0,0,0,0,0,"","","Circaea lutetiana"
"2640","5/18/18","CB","WW140","SMIILL","Smilax illinoensis",3,2,0,0,0,0,0,"","","Smilax illinoensis"
"2644","5/2/18","CB, PB","X110","TRIREC","Trillium recurvatum",2,2,0,0,0,0,0,"","","Trillium recurvatum"
"2648","5/3/18","BS, WO","X118","CARCON","Cardamine concatenata",10,3,0,0,0,0,0,"","","Cardamine concatenata"
"2650","5/3/18","BS, WO","X118","CLAVIR","Claytonia virginica",2,2,0,0,0,0,0,"","","Claytonia virginica"
"2652","5/2/18","BS, WO","X125","CLAVIR","Claytonia virginica",10,3,0,0,0,0,5,"","","Claytonia virginica"
"2653","5/2/18","BS, WO","X125","CARCON","Cardamine concatenata",10,3,0,0,0,0,0,"","","Cardamine concatenata"
"2663","5/10/18","JLL, WS","X138","APOSIB","Apocynum sibiricum",1,2,0,0,0,0,0,"","","Apocynum cannabinum"
"2664","5/10/18","JLL, WS","X138","Brassica sp.","Brassica sp.",1,2,0,0,0,0,0,"seedlings - mostly bare ground","","Brassica"
"2665","5/10/18","JLL, WS","X138","Chenopodium sp.","Chenopodium sp.",2,2,0,0,0,0,0,"","","Chenopodium"
"2666","5/10/18","JLL, WS","X139","CXTRIC","Carex trichocarpa",25,4,0,0,2,0,6,"close to powerline pole","","Carex trichocarpa"
"2668","5/10/18","JLL, WS","X139","Chenopodium sp.","Chenopodium sp.",10,3,0,0,0,0,0,"","","Chenopodium"
"2669","5/10/18","JLL, WS","X139","TORJAP","Torilis japonica",1,2,0,0,0,0,0,"ID","","Torilis japonica"
"2676","5/10/18","JLL, WS","X143","Geum sp.","Geum sp.",1,2,0,0,0,0,0,"","","Geum"
"2677","5/10/18","JLL, WS","X143","SYMLAN","Symphyotrichum lanceolatum",2,2,0,0,0,0,0,"","","Symphyotrichum lanceolatum"
"2679","5/10/18","JLL, WS","X143","Juncus sp.","Juncus sp.",1,2,0,0,0,0,0,"JUNTEN?","","Juncus"
"2681","5/8/18","JLL, SML","X76","Cornus sp.","Cornus sp.",1,2,0,0,0,0,7,"","","Cornus"
"2704","5/8/18","KS, WO","X93","CIRLUC","Circaea lutetiana",2,2,0,0,0,0,0,"","","Circaea lutetiana"
"2711","5/9/18","PB, WO","XX125","VIOSOR","Viola sororia",10,3,0,0,0,0,0,"","","Viola sororia"
"2712","5/9/18","PB, WO","XX125","CIRLUC","Circaea lutetiana",2,2,0,0,0,0,0,"","","Circaea lutetiana"
"2718","5/18/18","CB","XX134","VIOMIS","Viola missouriensis",6,3,0,2,0,0,6,"","","Viola sororia var. missouriensis"
"2721","5/18/18","CB","XX134","ERYALB","Erythronium albidum",3,2,0,0,0,0,0,"","","Erythronium albidum"
"2724","5/18/18","CB","XX134","CARCON","Cardamine concatenata",2,2,0,0,0,0,0,"","","Cardamine concatenata"
"2725","5/18/18","CB","XX134","CXJAME","Carex jamesii",4,2,0,0,0,0,0,"","","Carex jamesii"
"2732","5/18/18","CB","XX142","ERYALB","Erythronium albidum",7,2,0,0,0,0,0,"","","Erythronium albidum"
"2734","5/18/18","CB","XX142","CIRLUC","Circaea lutetiana",3,2,0,0,0,0,0,"","","Circaea lutetiana"
"2744","5/2/18","CB, PB","Y105","CLAVIR","Claytonia virginica",2,2,0,0,0,0,0,"","","Claytonia virginica"
"2745","5/1/18","PB","Y110","CARCON","Cardamine concatenata",40,4,0,0,5,0,5,"","","Cardamine concatenata"
"2747","5/1/18","CB, PB","Y112","DICCUC","Dicentra cucullaria",20,3,0,0,0,0,4,"abundant bur oak acorns","","Dicentra cucullaria"
"2749","5/1/18","CB, PB","Y112","TRIREC","Trillium recurvatum",2,2,0,0,0,0,0,"","","Trillium recurvatum"
"2750","5/1/18","CB, PB","Y112","CARCON","Cardamine concatenata",10,3,0,0,0,0,0,"","","Cardamine concatenata"
"2751","5/1/18","CB, PB","Y112","CLAVIR","Claytonia virginica",3,2,0,0,0,0,0,"","","Claytonia virginica"
"2752","5/1/18","CB, PB","Y112","ENEBIT","Enemion biternatum",2,2,0,0,0,0,0,"","","Enemion biternatum"
"2754","5/1/18","CB, PB","Y112","CYSPRO","Cystopteris protrusa",3,2,0,0,0,0,0,"","","Cystopteris protrusa"
"2755","5/1/18","CB, PB","Y112","FLOPRO","Floerkea proserpinacoides",4,2,0,0,0,0,0,"","","Floerkea proserpinacoides"
"2756","5/1/18","CB, PB","Y112","OSMCLA","Osmorhiza claytoniana",2,2,0,0,0,0,0,"","","Osmorhiza"
"2760","5/2/18","JLL, PB","Y115","Allium sp.","Allium sp.",4,3,0,0,0,0,0,"","","Allium"
"2761","5/2/18","JLL, PB","Y115","ERYALB","Erythronium albidum",10,2,0,0,0,0,0,"","","Erythronium albidum"
"2762","5/2/18","JLL, PB","Y115","MERVIR","Mertensia virginica",2,3,0,0,0,0,0,"","","Mertensia virginica"
"2763","5/2/18","JLL, PB","Y115","FLOPRO","Floerkea proserpinacoides",3,2,0,0,0,0,0,"","","Floerkea proserpinacoides"
"2765","5/2/18","JLL, PB","Y115","CARCON","Cardamine concatenata",1,2,0,0,0,0,0,"","","Cardamine concatenata"
"2767","5/3/18","WO, SZ","Y128","CLAVIR","Claytonia virginica",4,2,0,0,0,0,4,"","","Claytonia virginica"
"2768","5/3/18","WO, SZ","Y128","FLOPRO","Floerkea proserpinacoides",5,3,0,0,0,0,0,"","","Floerkea proserpinacoides"
"2769","5/3/18","WO, SZ","Y128","MERVIR","Mertensia virginica",60,5,0,0,0,0,0,"","","Mertensia virginica"
"2771","5/3/18","WO, SZ","Y128","ERYALB","Erythronium albidum",3,2,0,0,0,0,0,"","","Erythronium albidum"
"2772","5/2/18","BS, WO","Y130","MERVIR","Mertensia virginica",40,4,0,0,4,0,5,"","","Mertensia virginica"
"2773","5/2/18","BS, WO","Y130","ERYALB","Erythronium albidum",6,3,0,0,0,0,0,"","","Erythronium albidum"
"2774","5/2/18","BS, WO","Y130","CARCON","Cardamine concatenata",3,2,0,0,0,0,0,"","","Cardamine concatenata"
"2775","5/2/18","BS, WO","Y130","FLOPRO","Floerkea proserpinacoides",2,2,0,0,0,0,0,"","","Floerkea proserpinacoides"
"2777","5/18/18","CB, PB, WO","Y135","LAPCAN","Laportea canadensis",75,6,0,0,0,0,3,"","","Laportea canadensis"
"2779","5/18/18","CB, PB, WO","Y135","FLOPRO","Floerkea proserpinacoides",15,3,0,0,0,0,0,"","","Floerkea proserpinacoides"
"2783","5/18/18","CB, PB, WO","Y135","CXJAME","Carex jamesii",2,2,0,0,0,0,0,"","","Carex jamesii"
"2786","5/18/18","CB, PB, WO","Y135","POLSCN","Polygonum scandens",1,2,0,0,0,0,0,"","","Fallopia scandens"
"2806","5/9/18","BS, SML","Y147","CIRLUC","Circaea lutetiana",2,2,0,0,0,0,0,"","","Circaea lutetiana"
"2810","5/8/18","JLL, SML","Y70","ERYALB","Erythronium albidum",75,6,0,0,0,0,3,"","","Erythronium albidum"
"2811","5/8/18","JLL, SML","Y70","CARCON","Cardamine concatenata",2,2,0,0,0,0,0,"","","Cardamine concatenata"
"2815","5/8/18","JLL, SML","Y70","Elymus sp.","Elymus sp.",1,2,0,0,0,0,0,"","","Elymus"
"2817","5/8/18","JLL, SML","Y90","ERYALB","Erythronium albidum",15,3,0,0,0,0,0,"","","Erythronium albidum"
"2822","5/8/18","KS, WO","Y94","TRIREC","Trillium recurvatum",5,2,0,0,0,0,5,"","","Trillium recurvatum"
"2844","5/7/18","SL, WO","Y96","ERYALB","Erythronium albidum",1,2,0,0,0,0,0,"","","Erythronium albidum"
"2847","5/7/18","SL, WO","Y96","Oxalis sp.","Oxalis sp.",1,2,0,0,0,0,0,"","","Oxalis"
"2867","5/15/18","SZ, WO","YY137","ALLBUR","Allium burdickii",2,2,0,0,0,0,0,"","","Allium tricoccum var. burdickii"
"2871","5/15/18","SZ, WO","YY137","ERYALB","Erythronium albidum",15,3,0,0,0,0,0,"","","Erythronium albidum"
"2873","5/15/18","SZ, WO","YY137","CARCON","Cardamine concatenata",4,2,0,0,0,0,0,"","","Cardamine concatenata"
"2877","5/18/18","CB","YY140","RANSEP","Ranunculus septentrionalis",18,3,0,0,0,0,4,"at edge of buttonbush wetland","","Ranunculus septentrionalis"
"2880","5/18/18","CB","YY140","TRIREC","Trillium recurvatum",3,2,0,0,0,0,0,"","","Trillium recurvatum"
"2881","5/18/18","CB","YY140","ERYALB","Erythronium albidum",4,2,0,0,0,0,0,"","","Erythronium albidum"
"2883","5/18/18","CB","YY140","ALLBUR","Allium burdickii",4,2,0,0,0,0,0,"","","Allium tricoccum var. burdickii"
"2888","5/18/18","CB","YY146","Rumex sp.","Rumex sp.",5,3,0,0,0,0,6,"water dock","","Rumex"
"2889","5/18/18","CB","YY146","PERCOC","Persicaria coccinea",4,2,0,0,0,0,0,"scarlet smartweed","","Persicaria amphibia"
"2892","5/3/18","JLL, PB","Z118","FLOPRO","Floerkea proserpinacoides",15,3,0,0,0,0,7,"","","Floerkea proserpinacoides"
"2893","5/3/18","JLL, PB","Z118","CLAVIR","Claytonia virginica",7,3,0,0,0,0,0,"","","Claytonia virginica"
"2901","5/3/18","WO, SZ","Z128","CLAVIR","Claytonia virginica",2,2,0,0,0,0,0,"","","Claytonia virginica"
"2904","5/3/18","WO, SZ","Z128","DICCUC","Dicentra cucullaria",8,3,0,0,0,0,0,"","","Dicentra cucullaria"
"2908","5/3/18","WO, SZ","Z132","FLOPRO","Floerkea proserpinacoides",30,4,0,0,0,0,5,"","","Floerkea proserpinacoides"
"2909","5/3/18","WO, SZ","Z132","MERVIR","Mertensia virginica",40,4,0,0,0,0,0,"","","Mertensia virginica"
"2911","5/3/18","WO, SZ","Z132","ERYALB","Erythronium albidum",6,3,0,0,0,0,0,"","","Erythronium albidum"
"2913","5/3/18","WO, SZ","Z132","CLAVIR","Claytonia virginica",3,2,0,0,0,0,0,"","","Claytonia virginica"
"2917","5/10/18","JLL, WS","Z143","Toralos sp.","Toralos sp.",2,2,0,0,0,0,0,"","","Torilis"
"2919","5/10/18","JLL, WS","Z143","Symphyotrichum sp.","Symphyotrichum sp.",5,3,0,0,0,0,0,"","","Symphyotrichum"
"2928","5/8/18","JLL, SML","Z76","Erigeron sp.","Erigeron sp.",1,2,0,0,0,0,0,"Fleabane?","","Erigeron"
"2931","5/8/18","JLL, SML","Z76","CLAVIR","Claytonia virginica",1,2,0,0,0,0,0,"","","Claytonia virginica"
"2933","5/8/18","JLL, SML","Z76","Vitis sp.","Vitis sp.",10,3,0,0,0,0,0,"","","Vitis"
"2946","5/7/18","PB, SZ","Z92","ERYALB","Erythronium albidum",40,4,0,0,0,0,0,"","","Erythronium albidum"
"2949","5/7/18","PB, SZ","Z92","CLAVIR","Claytonia virginica",3,2,0,0,0,0,0,"","","Claytonia virginica"
"2952","5/7/18","PB, SZ","Z92","ANEQUI","Anemone quinquefolia",3,2,0,0,0,0,0,"","","Anemone quinquefolia"
"2956","5/15/18","CB, PB","ZZ130","ERYALB","Erythronium albidum",4,2,0,0,0,0,0,"","","Erythronium albidum"
"2962","5/15/18","CB, PB","ZZ132","ERYALB","Erythronium albidum",2,2,0,0,0,0,0,"","","Erythronium albidum"
"2970","5/15/18","CB, PB","ZZ134","ERYALB","Erythronium albidum",10,3,0,0,0,0,6,"","","Erythronium albidum"
"2984","5/16/18","CB, WO","ZZ142","ERYALB","Erythronium albidum",6,3,0,0,0,0,0,"","","Erythronium albidum"
"2986","5/16/18","CB, WO","ZZ142","CARCON","Cardamine concatenata",1,2,0,0,0,0,0,"","","Cardamine concatenata"
"2988","5/16/18","CB, WO","ZZ142","BERTHU","Berberis thunbergii",2,2,0,0,0,0,0,"","","Berberis thunbergii"
