CC132,Alliaria petiolata,,,,,,,,,,,,,,,,,,,,,,,,,,,,,,,,,
EE127,Phryma leptostachya,,,,,,,,,,,,,,,,,,,,,,,,,,,,,,,,,
FF146,,,,,,,,,,,,,,,,,,,,,,,,,,,,,,,,,,
HD136,Ellisia nyctelea,,,,,,,,,,,,,,,,,,,,,,,,,,,,,,,,,
I38,Phalaris arundinacea,,,,,,,,,,,,,,,,,,,,,,,,,,,,,,,,,
LL122,,,,,,,,,,,,,,,,,,,,,,,,,,,,,,,,,,
E114,,,,,,,,,,,,,,,,,,,,,,,,,,,,,,,,,,
EE106,Acer saccharum,,,,,,,,,,,,,,,,,,,,,,,,,,,,,,,,,
L126,,,,,,,,,,,,,,,,,,,,,,,,,,,,,,,,,,
M126,,,,,,,,,,,,,,,,,,,,,,,,,,,,,,,,,,
O134,Acer saccharum,,,,,,,,,,,,,,,,,,,,,,,,,,,,,,,,,
P129,,,,,,,,,,,,,,,,,,,,,,,,,,,,,,,,,,
PP107,,,,,,,,,,,,,,,,,,,,,,,,,,,,,,,,,,
V74,,,,,,,,,,,,,,,,,,,,,,,,,,,,,,,,,,
W142,Rhamnus cathartica,,,,,,,,,,,,,,,,,,,,,,,,,,,,,,,,,
BB114,Tilia americana,,,,,,,,,,,,,,,,,,,,,,,,,,,,,,,,,
I138,,,,,,,,,,,,,,,,,,,,,,,,,,,,,,,,,,
N105,,,,,,,,,,,,,,,,,,,,,,,,,,,,,,,,,,
AX131,Phalaris arundinacea,,,,,,,,,,,,,,,,,,,,,,,,,,,,,,,,,
HC142,Rhamnus cathartica,Lonicera maackii,,,,,,,,,,,,,,,,,,,,,,,,,,,,,,,,
LL123,Phalaris arundinacea,,,,,,,,,,,,,,,,,,,,,,,,,,,,,,,,,
I135,Rubus allegheniensis,Lonicera maackii,,,,,,,,,,,,,,,,,,,,,,,,,,,,,,,,
B116,Quercus rubra,Quercus alba,,,,,,,,,,,,,,,,,,,,,,,,,,,,,,,,
K131,Acer saccharum,Fraxinus americana,,,,,,,,,,,,,,,,,,,,,,,,,,,,,,,,
Q108,Acer saccharum,Quercus alba,,,,,,,,,,,,,,,,,,,,,,,,,,,,,,,,
HB138,,Rhamnus cathartica,Lonicera maackii,,,,,,,,,,,,,,,,,,,,,,,,,,,,,,,
HD146,,Rhamnus cathartica,Fraxinus pennsylvanica,,,,,,,,,,,,,,,,,,,,,,,,,,,,,,,
HD147,Rhamnus cathartica,Tilia americana,Viburnum opulus,,,,,,,,,,,,,,,,,,,,,,,,,,,,,,,
M137,Acer saccharum,,Tilia americana,,,,,,,,,,,,,,,,,,,,,,,,,,,,,,,
A117,Acer saccharum,Rubus,Ostrya virginiana,,,,,,,,,,,,,,,,,,,,,,,,,,,,,,,
B115,Rhamnus cathartica,Quercus ellipsoidalis,Quercus macrocarpa,,,,,,,,,,,,,,,,,,,,,,,,,,,,,,,
U70,Carya cordiformis,Ulmus americana,Quercus alba,,,,,,,,,,,,,,,,,,,,,,,,,,,,,,,
V121,,Acer saccharum,Quercus macrocarpa,,,,,,,,,,,,,,,,,,,,,,,,,,,,,,,
V107,Acer saccharum,Ulmus americana,Populus deltoides,,,,,,,,,,,,,,,,,,,,,,,,,,,,,,,
EE140,,Ulmus americana,Acer saccharum,Robinia pseudoacacia,,,,,,,,,,,,,,,,,,,,,,,,,,,,,,
HB130,Arisaema triphyllum,Tilia americana,Lonicera maackii,Celtis occidentalis,,,,,,,,,,,,,,,,,,,,,,,,,,,,,,
HD143,Arisaema triphyllum,Lonicera maackii,Prunus virginiana,Erythronium albidum,,,,,,,,,,,,,,,,,,,,,,,,,,,,,,
K137,Acer saccharum,Hackelia virginiana,Cirsium,,,,,,,,,,,,,,,,,,,,,,,,,,,,,,,
O121,Acer saccharum,Uvularia grandiflora,Erythronium albidum,Cardamine concatenata,,,,,,,,,,,,,,,,,,,,,,,,,,,,,,
O135,Acer saccharum,Impatiens capensis,Tilia americana,Fraxinus americana,,,,,,,,,,,,,,,,,,,,,,,,,,,,,,
PP101,,Agrimonia gryposepala,Ageratina altissima,Symphyotrichum drummondii,,,,,,,,,,,,,,,,,,,,,,,,,,,,,,
X87,,Tilia americana,Carya ovata,Quercus alba,,,,,,,,,,,,,,,,,,,,,,,,,,,,,,
Y121,Acer saccharum,,Quercus alba,Ostrya virginiana,,,,,,,,,,,,,,,,,,,,,,,,,,,,,,
P126,Acer saccharum,Quercus rubra,Quercus alba,Ostrya virginiana,,,,,,,,,,,,,,,,,,,,,,,,,,,,,,
B138,,Allium vineale,Clinopodium vulgare,Poa pratensis,Bromus inermis,,,,,,,,,,,,,,,,,,,,,,,,,,,,,
HC144,Tilia americana,Juglans nigra,Vitis,Lonicera maackii,Erythronium albidum,,,,,,,,,,,,,,,,,,,,,,,,,,,,,
NN105,,Symphyotrichum drummondii,Poa pratensis,Solidago canadensis,Symphyotrichum lateriflorum,,,,,,,,,,,,,,,,,,,,,,,,,,,,,
O108,Prunus virginiana,Claytonia virginica,Hydrophyllum virginianum,Cardamine concatenata,Trillium grandiflorum,,,,,,,,,,,,,,,,,,,,,,,,,,,,,
O112,Trillium recurvatum,Cardamine concatenata,Acer saccharum,Geum canadense,Uvularia grandiflora,,,,,,,,,,,,,,,,,,,,,,,,,,,,,
O120,,Claytonia virginica,Acer saccharum,Anemone quinquefolia,Erythronium albidum,,,,,,,,,,,,,,,,,,,,,,,,,,,,,
P138,Phalaris arundinacea,,Juglans nigra,Rubus allegheniensis,Cirsium,,,,,,,,,,,,,,,,,,,,,,,,,,,,,
PP132,,Ulmus americana,Lonicera maackii,Acer negundo,Acer platanoides,,,,,,,,,,,,,,,,,,,,,,,,,,,,,
Q120,,Tilia americana,Quercus rubra,Cardamine concatenata,Acer saccharum,,,,,,,,,,,,,,,,,,,,,,,,,,,,,
Q132,Claytonia virginica,Cardamine concatenata,Acer saccharum,Floerkea proserpinacoides,Alliaria petiolata,,,,,,,,,,,,,,,,,,,,,,,,,,,,,
R79,,Sium suave,Galium,Sparganium eurycarpum,Alisma subcordatum,,,,,,,,,,,,,,,,,,,,,,,,,,,,,
T132,,Trillium recurvatum,Cardamine concatenata,Acer saccharum,Quercus alba,,,,,,,,,,,,,,,,,,,,,,,,,,,,,
T147,,Symphyotrichum drummondii,0,Thalictrum dioicum,Parthenocissus quinquefolia,,,,,,,,,,,,,,,,,,,,,,,,,,,,,
U134,,Tilia americana,Quercus macrocarpa,Acer saccharum,Anemonella thalictroides,,,,,,,,,,,,,,,,,,,,,,,,,,,,,
W106,Claytonia virginica,Fraxinus pennsylvanica,Acer saccharum,Alliaria petiolata,Fraxinus,,,,,,,,,,,,,,,,,,,,,,,,,,,,,
W109,,Carya ovata,Impatiens,Fraxinus pennsylvanica,Floerkea proserpinacoides,,,,,,,,,,,,,,,,,,,,,,,,,,,,,
W132,,Impatiens,Cardamine concatenata,Circaea lutetiana,Acer saccharum,,,,,,,,,,,,,,,,,,,,,,,,,,,,,
YY146,Persicaria amphibia,Typha latifolia,Onoclea sensibilis,,Rumex,,,,,,,,,,,,,,,,,,,,,,,,,,,,,
V136,Tilia americana,Fraxinus quadrangulata,Acer saccharum,Celtis occidentalis,Prunus serotina,,,,,,,,,,,,,,,,,,,,,,,,,,,,,
O86,Tilia americana,Ulmus americana,Quercus rubra,Celtis occidentalis,Quercus alba,,,,,,,,,,,,,,,,,,,,,,,,,,,,,
AY130,Tilia americana,Fraxinus pennsylvanica,Circaea lutetiana,Cirsium vulgare,Erythronium albidum,Rhamnus cathartica,,,,,,,,,,,,,,,,,,,,,,,,,,,,
BB140,Juglans nigra,Ficaria verna,Ulmus americana,Lonicera maackii,Acer saccharum,Ranunculus,,,,,,,,,,,,,,,,,,,,,,,,,,,,
D134,,Tilia americana,Claytonia virginica,Acer saccharum,Rhamnus cathartica,Fraxinus,,,,,,,,,,,,,,,,,,,,,,,,,,,,
E109,,Epilobium coloratum,Sium suave,Fraxinus pennsylvanica,Floerkea proserpinacoides,Glyceria striata,,,,,,,,,,,,,,,,,,,,,,,,,,,,
E111,,Bidens frondosa,Ranunculus abortivus,Sium suave,Glechoma hederacea,Scirpus atrovirens,,,,,,,,,,,,,,,,,,,,,,,,,,,,
HB146,Lonicera maackii,Circaea lutetiana,Erigeron annuus,Arisaema triphyllum,Rhamnus cathartica,Parthenocissus quinquefolia,,,,,,,,,,,,,,,,,,,,,,,,,,,,
HH115,,Tilia americana,Ulmus rubra,Prunus serotina,Quercus alba,Ostrya virginiana,,,,,,,,,,,,,,,,,,,,,,,,,,,,
II131,Malus sieboldii,Lonicera maackii,Fraxinus pennsylvanica,Acer saccharum,Rhamnus cathartica,Maianthemum racemosum,,,,,,,,,,,,,,,,,,,,,,,,,,,,
II136,Ulmus americana,Acer saccharum,Erythronium albidum,Maianthemum racemosum,Quercus alba,Ostrya virginiana,,,,,,,,,,,,,,,,,,,,,,,,,,,,
L121,,Tilia americana,Cardamine concatenata,Acer saccharum,Podophyllum peltatum,Erythronium albidum,,,,,,,,,,,,,,,,,,,,,,,,,,,,
M134,,Quercus rubra,Cardamine concatenata,Circaea lutetiana,Acer saccharum,Alliaria petiolata,,,,,,,,,,,,,,,,,,,,,,,,,,,,
N115,,Tilia americana,Quercus rubra,Fraxinus pennsylvanica,Acer saccharum,Ostrya virginiana,,,,,,,,,,,,,,,,,,,,,,,,,,,,
P107,Claytonia virginica,Hydrophyllum virginianum,Lonicera maackii,Acer saccharum,Alliaria petiolata,Trillium grandiflorum,,,,,,,,,,,,,,,,,,,,,,,,,,,,
PP102,,Prunella vulgaris,Symphyotrichum drummondii,Poa pratensis,Sonchus,Solidago canadensis,,,,,,,,,,,,,,,,,,,,,,,,,,,,
Q129,,Cardamine concatenata,Acer saccharum,Erythronium albidum,Uvularia grandiflora,Quercus alba,,,,,,,,,,,,,,,,,,,,,,,,,,,,
UU125,Lonicera maackii,Acer saccharum,Ulmus pumila,Morus alba,Prunus serotina,Robinia pseudoacacia,,,,,,,,,,,,,,,,,,,,,,,,,,,,
V134,,Impatiens,Cardamine concatenata,Acer saccharum,Alliaria petiolata,Ostrya virginiana,,,,,,,,,,,,,,,,,,,,,,,,,,,,
X138,Ambrosia artemisiifolia,,Brassica,Polygonum,Apocynum cannabinum,Chenopodium,,,,,,,,,,,,,,,,,,,,,,,,,,,,
X139,,Carex trichocarpa,Plantago lanceolata,Chenopodium,Verbesina alternifolia,Torilis japonica,,,,,,,,,,,,,,,,,,,,,,,,,,,,
XX142,Prunus virginiana,Fraxinus pennsylvanica,Lonicera maackii,Circaea lutetiana,Erythronium albidum,Parthenocissus quinquefolia,,,,,,,,,,,,,,,,,,,,,,,,,,,,
Y105,Prunus virginiana,Claytonia virginica,Ulmus americana,Acer saccharum,Prunus serotina,Ostrya virginiana,,,,,,,,,,,,,,,,,,,,,,,,,,,,
Y110,Prunus virginiana,Quercus rubra,Cardamine concatenata,Acer saccharum,Fraxinus,Ostrya virginiana,,,,,,,,,,,,,,,,,,,,,,,,,,,,
Y70,Elymus,Cardamine concatenata,Potentilla simplex,Alliaria petiolata,Galium aparine,Erythronium albidum,,,,,,,,,,,,,,,,,,,,,,,,,,,,
HC130,,Tilia americana,Juglans nigra,Ulmus americana,Lonicera maackii,Fraxinus,,,,,,,,,,,,,,,,,,,,,,,,,,,,
V89,,Carya ovata,Ulmus americana,Quercus rubra,Prunus serotina,Quercus alba,,,,,,,,,,,,,,,,,,,,,,,,,,,,
Z122,Tilia americana,Ulmus americana,Acer saccharum,Rhamnus cathartica,Prunus serotina,Fraxinus,,,,,,,,,,,,,,,,,,,,,,,,,,,,
AA129,Tilia americana,Ulmus americana,Acer saccharum,Floerkea proserpinacoides,Celtis occidentalis,Prunus serotina,Ostrya virginiana,,,,,,,,,,,,,,,,,,,,,,,,,,,
AA141,,Bidens,Convolvulus,Torilis,Securigera varia,Cirsium arvense,Galium aparine,,,,,,,,,,,,,,,,,,,,,,,,,,,
BB118,Ranunculus hispidus,Hydrophyllum virginianum,Quercus rubra,Acer saccharum,Floerkea proserpinacoides,Fraxinus,Ostrya virginiana,,,,,,,,,,,,,,,,,,,,,,,,,,,
DD114,Tilia americana,Acer saccharum,Alliaria petiolata,Erythronium albidum,Prunus serotina,Quercus alba,Ostrya virginiana,,,,,,,,,,,,,,,,,,,,,,,,,,,
DD115,,Quercus rubra,Acer saccharum,Podophyllum peltatum,Prunus serotina,Quercus alba,Ostrya virginiana,,,,,,,,,,,,,,,,,,,,,,,,,,,
DD130,Ranunculus hispidus,Sambucus canadensis,Malus,Vitis vulpina,Ambrosia trifida,Laportea canadensis,Rosa multiflora,,,,,,,,,,,,,,,,,,,,,,,,,,,
EE134,Crataegus,Ulmus americana,Lonicera maackii,Acer saccharum,Ulmus pumila,Rhamnus cathartica,Parthenocissus quinquefolia,,,,,,,,,,,,,,,,,,,,,,,,,,,
FF112,Acer saccharum,Geum canadense,Alliaria petiolata,Hackelia virginiana,Prunus serotina,Maianthemum racemosum,Fraxinus,,,,,,,,,,,,,,,,,,,,,,,,,,,
GG146,Mertensia virginica,Ulmus americana,Alliaria petiolata,Lonicera,Rhamnus cathartica,Prunus serotina,Fraxinus,,,,,,,,,,,,,,,,,,,,,,,,,,,
HB125,,Lonicera maackii,Acer saccharum,Rhamnus cathartica,Rosa multiflora,Prunus serotina,Fraxinus,,,,,,,,,,,,,,,,,,,,,,,,,,,
HB141,Tilia americana,Fraxinus pennsylvanica,Lonicera maackii,Arisaema triphyllum,Erythronium albidum,Rhamnus cathartica,Maianthemum racemosum,,,,,,,,,,,,,,,,,,,,,,,,,,,
HE136,Ribes,Lonicera maackii,Cornus,Circaea lutetiana,Arisaema triphyllum,Arisaema dracontium,Parthenocissus quinquefolia,,,,,,,,,,,,,,,,,,,,,,,,,,,
HH147,Taraxacum officinale,Juglans nigra,Quercus macrocarpa,Glechoma hederacea,Rhamnus cathartica,Cirsium,Fraxinus,,,,,,,,,,,,,,,,,,,,,,,,,,,
II130,Ulmus americana,Malus sieboldii,Lonicera maackii,Celtis occidentalis,Acer saccharum,Rhamnus cathartica,Rosa multiflora,,,,,,,,,,,,,,,,,,,,,,,,,,,
K105,Geranium maculatum,Claytonia virginica,Allium,Cardamine concatenata,Anemone quinquefolia,Erythronium albidum,Toxicodendron radicans,,,,,,,,,,,,,,,,,,,,,,,,,,,
K130,Cardamine concatenata,Circaea lutetiana,Acer saccharum,Carya cordiformis,Impatiens capensis,Gymnocladus dioica,Carex,,,,,,,,,,,,,,,,,,,,,,,,,,,
L120,Geranium maculatum,Tilia americana,Claytonia virginica,Fraxinus americana,Cardamine concatenata,Acer saccharum,Carya cordiformis,,,,,,,,,,,,,,,,,,,,,,,,,,,
LL119,Euonymus alatus,Claytonia virginica,Impatiens,Acer saccharum,Alliaria petiolata,Sambucus canadensis,Prunus serotina,,,,,,,,,,,,,,,,,,,,,,,,,,,
LL128,,Ulmus americana,Quercus rubra,Lonicera maackii,Acer saccharum,Rhamnus cathartica,Morus alba,,,,,,,,,,,,,,,,,,,,,,,,,,,
N113,Geranium maculatum,Claytonia virginica,Ulmus americana,Quercus rubra,Cardamine concatenata,Acer saccharum,Ostrya virginiana,,,,,,,,,,,,,,,,,,,,,,,,,,,
N123,,Tilia americana,Quercus rubra,Fraxinus americana,Cardamine concatenata,Acer saccharum,Anemonella thalictroides,,,,,,,,,,,,,,,,,,,,,,,,,,,
N136,Eupatorium,Impatiens,Lactuca,Circaea lutetiana,Acer saccharum,Floerkea proserpinacoides,Alliaria petiolata,,,,,,,,,,,,,,,,,,,,,,,,,,,
N142,Phalaris arundinacea,,Daucus carota,Dodecatheon meadia,Cornus racemosa,Rhamnus cathartica,Parthenocissus quinquefolia,,,,,,,,,,,,,,,,,,,,,,,,,,,
OO103,,Viola,Symphyotrichum drummondii,Poa pratensis,Agrimonia gryposepala,Bromus inermis,Solidago canadensis,,,,,,,,,,,,,,,,,,,,,,,,,,,
OO116,Impatiens,Quercus rubra,Ulmus americana,Lactuca,Circaea lutetiana,Acer saccharum,Fraxinus,,,,,,,,,,,,,,,,,,,,,,,,,,,
Q110,Ulmus rubra,Claytonia virginica,Impatiens,Cardamine concatenata,Acer saccharum,Allium tricoccum,Carex albursina,,,,,,,,,,,,,,,,,,,,,,,,,,,
Q122,,Geranium maculatum,Fraxinus americana,Cardamine concatenata,Acer saccharum,Erythronium albidum,Quercus alba,,,,,,,,,,,,,,,,,,,,,,,,,,,
Q135,Tilia americana,Juglans nigra,Circaea lutetiana,Acer saccharum,Impatiens capensis,Fraxinus,Quercus alba,,,,,,,,,,,,,,,,,,,,,,,,,,,
QQ132,Tilia americana,Ulmus americana,Ulmus,Lonicera maackii,Celtis occidentalis,Populus deltoides,Parthenocissus quinquefolia,,,,,,,,,,,,,,,,,,,,,,,,,,,
R113,,Trillium recurvatum,Claytonia virginica,Quercus macrocarpa,Cardamine concatenata,Acer saccharum,Ostrya virginiana,,,,,,,,,,,,,,,,,,,,,,,,,,,
R128,,Quercus rubra,Cardamine concatenata,Acer saccharum,Podophyllum peltatum,Erythronium albidum,Quercus alba,,,,,,,,,,,,,,,,,,,,,,,,,,,
RR128,Juglans nigra,Lonicera maackii,Acer negundo,Alliaria petiolata,Rhamnus cathartica,Morus alba,Parthenocissus quinquefolia,,,,,,,,,,,,,,,,,,,,,,,,,,,
S105,,Claytonia virginica,Cardamine concatenata,Acer saccharum,Podophyllum peltatum,Erythronium albidum,Quercus alba,,,,,,,,,,,,,,,,,,,,,,,,,,,
V113,,Juglans nigra,Trillium recurvatum,Fraxinus americana,Cardamine concatenata,Acer saccharum,Quercus alba,,,,,,,,,,,,,,,,,,,,,,,,,,,
XX129,Ulmus americana,Lonicera maackii,Circaea lutetiana,Alliaria petiolata,Morus alba,Rosa multiflora,Prunus serotina,,,,,,,,,,,,,,,,,,,,,,,,,,,
Y130,,Asarum canadense,Mertensia virginica,Cardamine concatenata,Acer saccharum,Floerkea proserpinacoides,Erythronium albidum,,,,,,,,,,,,,,,,,,,,,,,,,,,
YY132,,Tilia americana,Ulmus rubra,Quercus macrocarpa,Ulmus americana,Acer saccharum,Prunus serotina,,,,,,,,,,,,,,,,,,,,,,,,,,,
AX132,Phalaris arundinacea,,Allium canadense,Allium vineale,Poa pratensis,Securigera varia,Rhamnus cathartica,Pastinaca sativa,,,,,,,,,,,,,,,,,,,,,,,,,,
AY122,,Prunus virginiana,Allium canadense,Ptelea trifoliata,Clinopodium vulgare,Poa pratensis,Monarda fistulosa,Carex,,,,,,,,,,,,,,,,,,,,,,,,,,
AY124,,Allium canadense,Quercus macrocarpa,Hydrophyllum virginianum,Lonicera maackii,Cardamine concatenata,Carex blanda,Erythronium albidum,,,,,,,,,,,,,,,,,,,,,,,,,,
C111,,Crataegus,Ulmus americana,Quercus rubra,Acer platanoides,Prunus serotina,Maianthemum racemosum,Helianthus,,,,,,,,,,,,,,,,,,,,,,,,,,
DD83,,Ageratina altissima,Claytonia virginica,Quercus rubra,Circaea lutetiana,Acer saccharum,Alliaria petiolata,Polygonatum biflorum,,,,,,,,,,,,,,,,,,,,,,,,,,
EE138,Tilia americana,Ribes,Impatiens,Malus sieboldii,Rubus occidentalis,Rosa multiflora,Arisaema dracontium,Vernonia gigantea,,,,,,,,,,,,,,,,,,,,,,,,,,
F107,,Quercus ellipsoidalis,Quercus rubra,Fraxinus americana,Symphyotrichum drummondii,Solidago canadensis,Erythronium albidum,Acer platanoides,,,,,,,,,,,,,,,,,,,,,,,,,,
FF123,,Claytonia virginica,Impatiens,Ulmus americana,Acer saccharum,Floerkea proserpinacoides,Alliaria petiolata,Fraxinus,,,,,,,,,,,,,,,,,,,,,,,,,,
GG122,,Claytonia virginica,Ulmus americana,Cardamine concatenata,Floerkea proserpinacoides,Prunus serotina,Fraxinus,Ostrya virginiana,,,,,,,,,,,,,,,,,,,,,,,,,,
GG127,,Ageratina altissima,Impatiens,Lonicera maackii,Fallopia scandens,Ambrosia trifida,Alliaria petiolata,Toxicodendron radicans,,,,,,,,,,,,,,,,,,,,,,,,,,
HA147,Lonicera maackii,Circaea lutetiana,Impatiens capensis,Arisaema triphyllum,Erythronium albidum,Maianthemum racemosum,Polygonatum biflorum,Parthenocissus quinquefolia,,,,,,,,,,,,,,,,,,,,,,,,,,
HC126,Acer platanoides,Fraxinus pennsylvanica,Lonicera maackii,Acer saccharum,Rhamnus cathartica,Prunus serotina,Fraxinus,Parthenocissus quinquefolia,,,,,,,,,,,,,,,,,,,,,,,,,,
HC135,Tilia americana,Lonicera maackii,Circaea lutetiana,Arisaema triphyllum,Alliaria petiolata,Erythronium albidum,Maianthemum racemosum,Parthenocissus quinquefolia,,,,,,,,,,,,,,,,,,,,,,,,,,
HH126,,Daucus carota,Impatiens,Fallopia scandens,Dipsacus laciniatus,Ambrosia trifida,Symphyotrichum lateriflorum,Carex,,,,,,,,,,,,,,,,,,,,,,,,,,
I133,Mertensia virginica,Ulmus,Fraxinus americana,Circaea lutetiana,Acer saccharum,Geum canadense,Impatiens capensis,Erythronium albidum,,,,,,,,,,,,,,,,,,,,,,,,,,
J133,Circaea lutetiana,Acer saccharum,Impatiens capensis,Alliaria petiolata,Erythronium albidum,Toxicodendron radicans,Uvularia grandiflora,Fraxinus,,,,,,,,,,,,,,,,,,,,,,,,,,
K116,,Elymus hystrix,Ulmus americana,Quercus rubra,Elymus virginicus,Cardamine concatenata,Acer saccharum,Erythronium albidum,,,,,,,,,,,,,,,,,,,,,,,,,,
L111,Tilia americana,Claytonia virginica,Quercus rubra,Lonicera maackii,Cardamine concatenata,Acer saccharum,Fraxinus,Quercus alba,,,,,,,,,,,,,,,,,,,,,,,,,,
NN146,,Tilia americana,Juglans nigra,Prunus virginiana,Ulmus rubra,Lonicera maackii,Fraxinus,Parthenocissus quinquefolia,,,,,,,,,,,,,,,,,,,,,,,,,,
O105,,Taraxacum officinale,Tilia americana,Quercus rubra,Acer saccharum,Erythronium albidum,Anemonella thalictroides,Quercus alba,,,,,,,,,,,,,,,,,,,,,,,,,,
O131,Solidago ulmifolia,Claytonia virginica,Quercus rubra,Acer saccharum,Geum canadense,Floerkea proserpinacoides,Erythronium albidum,Fraxinus,,,,,,,,,,,,,,,,,,,,,,,,,,
OO100,Taraxacum officinale,Tilia americana,Quercus macrocarpa,Circaea lutetiana,Arisaema triphyllum,Alliaria petiolata,Prunus serotina,Quercus alba,,,,,,,,,,,,,,,,,,,,,,,,,,
OO129,Tilia americana,Lonicera maackii,Celtis occidentalis,Acer saccharum,Rhamnus cathartica,Prunus serotina,Quercus alba,Parthenocissus quinquefolia,,,,,,,,,,,,,,,,,,,,,,,,,,
R109,,Tilia americana,Trillium recurvatum,Impatiens,Ulmus americana,Cardamine concatenata,Acer saccharum,Quercus alba,,,,,,,,,,,,,,,,,,,,,,,,,,
S126,Juglans nigra,Allium canadense,Fraxinus americana,Cardamine concatenata,Acer saccharum,Erythronium albidum,Toxicodendron radicans,Populus deltoides,,,,,,,,,,,,,,,,,,,,,,,,,,
T122,,Geranium maculatum,Claytonia virginica,Hydrophyllum virginianum,Solidago flexicaulis,Cardamine concatenata,Acer saccharum,Anemone quinquefolia,,,,,,,,,,,,,,,,,,,,,,,,,,
T77,,Cardamine concatenata,Acer saccharum,Alliaria petiolata,Erythronium albidum,Parthenocissus quinquefolia,Quercus alba,Viburnum opulus,,,,,,,,,,,,,,,,,,,,,,,,,,
U107,Claytonia virginica,Allium,Lonicera maackii,Acer saccharum,Floerkea proserpinacoides,Galium aparine,Erythronium albidum,Toxicodendron radicans,,,,,,,,,,,,,,,,,,,,,,,,,,
UU129,,Juglans nigra,Ulmus rubra,Ulmus americana,Lonicera maackii,Alliaria petiolata,Rhamnus cathartica,Prunus serotina,,,,,,,,,,,,,,,,,,,,,,,,,,
W136,,Juglans nigra,Mertensia virginica,Ambrosia trifida,Alliaria petiolata,Floerkea proserpinacoides,Camassia scilloides,Fraxinus,,,,,,,,,,,,,,,,,,,,,,,,,,
W146,,Bidens,Rubus,Bromus,Symphyotrichum pilosum,Veronicastrum virginicum,Solidago canadensis,Parthenocissus quinquefolia,,,,,,,,,,,,,,,,,,,,,,,,,,
W71,,Juglans nigra,Circaea lutetiana,Galium aparine,Camassia scilloides,Rubus idaeus,Quercus alba,Parthenocissus quinquefolia,,,,,,,,,,,,,,,,,,,,,,,,,,
WW124,Lonicera maackii,Acer saccharum,Robinia pseudoacacia,Alliaria petiolata,Rhamnus cathartica,Morus alba,Prunus serotina,Hesperis matronalis,,,,,,,,,,,,,,,,,,,,,,,,,,
X118,Geranium maculatum,Claytonia virginica,Quercus rubra,Cardamine concatenata,Acer saccharum,Impatiens capensis,Maianthemum racemosum,Ostrya virginiana,,,,,,,,,,,,,,,,,,,,,,,,,,
Z128,Claytonia virginica,Solidago flexicaulis,Impatiens,Acer saccharum,Alliaria petiolata,Fraxinus,Dicentra cucullaria,Polygonatum biflorum,,,,,,,,,,,,,,,,,,,,,,,,,,
K109,Tilia americana,Prunus virginiana,Euonymus europaeus,Ulmus americana,Fraxinus pennsylvanica,Quercus rubra,Acer saccharum,Quercus alba,,,,,,,,,,,,,,,,,,,,,,,,,,
A128,,Tilia americana,Allium canadense,Quercus macrocarpa,Agrimonia pubescens,Geum canadense,Erythronium albidum,Symphyotrichum shortii,Ostrya virginiana,,,,,,,,,,,,,,,,,,,,,,,,,
AA116,Quercus alba,Claytonia virginica,Quercus rubra,Circaea lutetiana,Acer saccharum,Podophyllum peltatum,Alliaria petiolata,Fraxinus,Ostrya virginiana,,,,,,,,,,,,,,,,,,,,,,,,,
AZ138,Elymus villosus,,Taraxacum officinale,Allium vineale,Symphyotrichum drummondii,Poa pratensis,Symphyotrichum lateriflorum,Festuca arundinacea,Carex,,,,,,,,,,,,,,,,,,,,,,,,,
C105,,Daucus carota,Agrimonia,Barbarea vulgaris,Helianthus grosseserratus,Solidago canadensis,Galium aparine,Cirsium,Achillea millefolium,,,,,,,,,,,,,,,,,,,,,,,,,
DD112,,Symphyotrichum,Trillium recurvatum,Ulmus americana,Circaea lutetiana,Acer saccharum,Prunus serotina,Maianthemum racemosum,Quercus alba,,,,,,,,,,,,,,,,,,,,,,,,,
EE132,Phalaris arundinacea,Prunus americana,Symphyotrichum,Poa pratensis,Securigera varia,Calystegia sepium,Ambrosia trifida,Anemone canadensis,Carex,,,,,,,,,,,,,,,,,,,,,,,,,
F108,,Carex hirtifolia,Quercus macrocarpa,Ulmus americana,Quercus rubra,Floerkea proserpinacoides,Erythronium albidum,Sanicula odorata,Ostrya virginiana,,,,,,,,,,,,,,,,,,,,,,,,,
F119,,Menispermum canadense,Tilia americana,Claytonia virginica,Ulmus americana,Geum canadense,Floerkea proserpinacoides,Erythronium albidum,Carex,,,,,,,,,,,,,,,,,,,,,,,,,
F129,,Tilia americana,Galium triflorum,Quercus rubra,Cardamine concatenata,Acer saccharum,Erythronium albidum,Symphyotrichum shortii,Fraxinus,,,,,,,,,,,,,,,,,,,,,,,,,
G132,Tilia americana,Trillium recurvatum,Circaea lutetiana,Acer saccharum,Alliaria petiolata,Erythronium albidum,Sanicula odorata,Uvularia grandiflora,Fraxinus,,,,,,,,,,,,,,,,,,,,,,,,,
HB136,Fraxinus pennsylvanica,Viburnum opulus,Lonicera maackii,Circaea lutetiana,Acer saccharum,Geum canadense,Erythronium albidum,Rhamnus cathartica,Parthenocissus quinquefolia,,,,,,,,,,,,,,,,,,,,,,,,,
HD134,,Lonicera maackii,Circaea lutetiana,Acer saccharum,Arisaema triphyllum,Alliaria petiolata,Erythronium albidum,Rhamnus cathartica,Parthenocissus quinquefolia,,,,,,,,,,,,,,,,,,,,,,,,,
HD135,Tilia americana,Agrimonia pubescens,Fraxinus pennsylvanica,Circaea lutetiana,Geum canadense,Alliaria petiolata,Arisaema triphyllum,Erythronium albidum,Parthenocissus quinquefolia,,,,,,,,,,,,,,,,,,,,,,,,,
JJ140,,Tilia americana,Ulmus rubra,Cardamine concatenata,Floerkea proserpinacoides,Alliaria petiolata,Impatiens capensis,Erythronium albidum,Prunus serotina,,,,,,,,,,,,,,,,,,,,,,,,,
KK121,,Phytolacca americana,Solanum dulcamara,Celtis occidentalis,Fallopia scandens,Floerkea proserpinacoides,Alliaria petiolata,Ambrosia trifida,Hackelia virginiana,,,,,,,,,,,,,,,,,,,,,,,,,
KK122,Phalaris arundinacea,Ranunculus hispidus,Lysimachia ciliata,Impatiens,Malus sieboldii,Fraxinus pennsylvanica,Ambrosia trifida,Rhamnus cathartica,Carex,,,,,,,,,,,,,,,,,,,,,,,,,
N128,Tilia americana,Carex hirtifolia,Rumex,Cercis canadensis,Solidago flexicaulis,Quercus rubra,Acer saccharum,Floerkea proserpinacoides,Fraxinus,,,,,,,,,,,,,,,,,,,,,,,,,
N144,,Viola,Dodecatheon meadia,Rosa carolina,Securigera varia,Geum canadense,Rhamnus cathartica,Silphium integrifolium,Carex,,,,,,,,,,,,,,,,,,,,,,,,,
NN114,Tilia americana,Ulmus americana,Symphyotrichum drummondii,Geum canadense,Galium aparine,Rhamnus cathartica,Symphyotrichum lateriflorum,Fraxinus,Carex,,,,,,,,,,,,,,,,,,,,,,,,,
Q96,,Symphyotrichum,Prunus virginiana,Trillium recurvatum,Quercus macrocarpa,Impatiens,Ulmus americana,Arisaema triphyllum,Quercus alba,,,,,,,,,,,,,,,,,,,,,,,,,
RR126,Ulmus americana,Lonicera maackii,Acer negundo,Circaea lutetiana,Impatiens capensis,Arisaema triphyllum,Alliaria petiolata,Rhamnus cathartica,Morus alba,,,,,,,,,,,,,,,,,,,,,,,,,
RR138,Crataegus,Lonicera maackii,Circaea lutetiana,Cardamine concatenata,Ribes missouriense,Erythronium albidum,Toxicodendron radicans,Fraxinus,Parthenocissus quinquefolia,,,,,,,,,,,,,,,,,,,,,,,,,
S134,Tilia americana,Circaea lutetiana,Cardamine concatenata,Acer saccharum,Impatiens capensis,Floerkea proserpinacoides,Rhamnus cathartica,Fraxinus,Ostrya virginiana,,,,,,,,,,,,,,,,,,,,,,,,,
T127,Solidago ulmifolia,Tilia americana,Impatiens,Cardamine concatenata,Acer saccharum,Galium aparine,Erythronium albidum,Asimina triloba,Phlox divaricata,,,,,,,,,,,,,,,,,,,,,,,,,
T75,Geranium maculatum,Quercus rubra,Circaea lutetiana,Acer saccharum,Erythronium albidum,Toxicodendron radicans,Prunus serotina,Quercus alba,Parthenocissus quinquefolia,,,,,,,,,,,,,,,,,,,,,,,,,
TT131,,Tilia americana,Quercus rubra,Lonicera maackii,Acer saccharum,Alliaria petiolata,Galium aparine,Prunus serotina,Maianthemum racemosum,,,,,,,,,,,,,,,,,,,,,,,,,
TT145,Polygonum virginianum,Crataegus,Fraxinus pennsylvanica,Lonicera maackii,Carex jamesii,Alliaria petiolata,Arisaema triphyllum,Maianthemum racemosum,Parthenocissus quinquefolia,,,,,,,,,,,,,,,,,,,,,,,,,
U125,Geranium maculatum,Tilia americana,Trillium recurvatum,Ranunculus hispidus,Quercus rubra,Acer saccharum,Anemonella thalictroides,Symphyotrichum shortii,Ostrya virginiana,,,,,,,,,,,,,,,,,,,,,,,,,
V114,,Polygonum virginianum,Claytonia virginica,Quercus macrocarpa,Impatiens,Circaea lutetiana,Acer saccharum,Alliaria petiolata,Erythronium albidum,,,,,,,,,,,,,,,,,,,,,,,,,
V76,,Geranium maculatum,Quercus rubra,Rubus occidentalis,Circaea lutetiana,Acer saccharum,Alliaria petiolata,Glechoma hederacea,Parthenocissus quinquefolia,,,,,,,,,,,,,,,,,,,,,,,,,
VV122,,Acer platanoides,Fraxinus pennsylvanica,Lonicera maackii,Acer negundo,Acer saccharum,Alliaria petiolata,Rhamnus cathartica,Prunus serotina,,,,,,,,,,,,,,,,,,,,,,,,,
W112,Geranium maculatum,Ulmus rubra,Claytonia virginica,Quercus rubra,Cardamine concatenata,Acer saccharum,Anemone quinquefolia,Erythronium albidum,Ostrya virginiana,,,,,,,,,,,,,,,,,,,,,,,,,
X143,,Symphyotrichum lanceolatum,Taraxacum officinale,Bidens,Rumex crispus,Dipsacus fullonum,Geum,Juncus,Carex,,,,,,,,,,,,,,,,,,,,,,,,,
XX147,Sanguinaria canadensis,Ribes,Prunus virginiana,Quercus macrocarpa,Lonicera maackii,Circaea lutetiana,Rubus occidentalis,Polygonatum biflorum,Parthenocissus quinquefolia,,,,,,,,,,,,,,,,,,,,,,,,,
Y128,,Tilia americana,Asarum canadense,Claytonia virginica,Mertensia virginica,Quercus macrocarpa,Acer saccharum,Floerkea proserpinacoides,Erythronium albidum,,,,,,,,,,,,,,,,,,,,,,,,,
A107,,Coreopsis tripteris,Daucus carota,Securigera varia,Cirsium arvense,Solidago canadensis,Silphium integrifolium,Silphium laciniatum,Potentilla recta,Monarda fistulosa,,,,,,,,,,,,,,,,,,,,,,,,
AZ133,Taraxacum officinale,Prunus virginiana,Ulmus americana,Lonicera maackii,Rubus occidentalis,Gymnocladus dioica,Erythronium albidum,Rhamnus cathartica,Maianthemum racemosum,Fraxinus,,,,,,,,,,,,,,,,,,,,,,,,
BB144,,Ostrya virginiana,Ulmus americana,Celtis occidentalis,Circaea lutetiana,Acer saccharum,Rhamnus cathartica,Prunus serotina,Fraxinus,Parthenocissus quinquefolia,,,,,,,,,,,,,,,,,,,,,,,,
CC123,Claytonia virginica,Impatiens,Ulmus americana,Circaea lutetiana,Acer saccharum,Carya cordiformis,Floerkea proserpinacoides,Alliaria petiolata,Erythronium albidum,Carex,,,,,,,,,,,,,,,,,,,,,,,,
CC144,,Ulmus rubra,Ulmus americana,Circaea lutetiana,Alliaria petiolata,Morus,Rhamnus cathartica,Prunus serotina,Fraxinus,Parthenocissus quinquefolia,,,,,,,,,,,,,,,,,,,,,,,,
CC97,,Tilia americana,Claytonia virginica,Osmorhiza,Acer saccharum,Arisaema triphyllum,Alliaria petiolata,Erythronium albidum,Maianthemum racemosum,Quercus alba,,,,,,,,,,,,,,,,,,,,,,,,
DD148,,Rosa,Tilia americana,Crataegus,Acer negundo,Lonicera,Rhamnus cathartica,Vitis vulpina,Prunus serotina,Fraxinus,,,,,,,,,,,,,,,,,,,,,,,,
EE120,,Allium canadense,Claytonia virginica,Circaea lutetiana,Ribes missouriense,Acer saccharum,Floerkea proserpinacoides,Prunus serotina,Quercus alba,Ostrya virginiana,,,,,,,,,,,,,,,,,,,,,,,,
F134,Tilia americana,Ulmus rubra,Polygonum,Ulmus americana,Fraxinus americana,Circaea lutetiana,Acer saccharum,Impatiens capensis,Alliaria petiolata,Viburnum opulus,,,,,,,,,,,,,,,,,,,,,,,,
GG140,,Tilia americana,Trillium recurvatum,Lonicera maackii,Acer saccharum,Impatiens capensis,Alliaria petiolata,Floerkea proserpinacoides,Erythronium albidum,Polygonatum biflorum,,,,,,,,,,,,,,,,,,,,,,,,
HB129,Tilia americana,Juglans nigra,Lonicera maackii,Allium,Circaea lutetiana,Geum canadense,Arisaema triphyllum,Alliaria petiolata,Morus alba,Fraxinus,,,,,,,,,,,,,,,,,,,,,,,,
HD142,,Tilia americana,Quercus macrocarpa,Quercus ellipsoidalis,Lonicera maackii,Acer saccharum,Erythronium albidum,Rhamnus cathartica,Rosa multiflora,Prunus serotina,,,,,,,,,,,,,,,,,,,,,,,,
HH116,Trillium recurvatum,Claytonia virginica,Ulmus americana,Parthenocissus,Circaea lutetiana,Impatiens capensis,Alliaria petiolata,Rubus allegheniensis,Prunus serotina,Quercus alba,,,,,,,,,,,,,,,,,,,,,,,,
II87,,Ageratina altissima,Claytonia virginica,Impatiens,Osmorhiza,Circaea lutetiana,Acer saccharum,Alliaria petiolata,Quercus alba,Parthenocissus quinquefolia,,,,,,,,,,,,,,,,,,,,,,,,
JJ114,Geranium maculatum,Tilia americana,Circaea lutetiana,Acer saccharum,Carya cordiformis,Arisaema triphyllum,Anemonella thalictroides,Hackelia virginiana,Maianthemum racemosum,Quercus alba,,,,,,,,,,,,,,,,,,,,,,,,
JJ129,Phalaris arundinacea,Taraxacum officinale,Ranunculus hispidus,Impatiens,Lonicera maackii,Acer negundo,Acer saccharum,Toxicodendron radicans,Rhamnus cathartica,Symphyotrichum lateriflorum,,,,,,,,,,,,,,,,,,,,,,,,
KK101,,Tilia americana,Ulmus rubra,Quercus rubra,Circaea lutetiana,Alliaria petiolata,Fraxinus,Toxicodendron radicans,Prunus serotina,Quercus alba,,,,,,,,,,,,,,,,,,,,,,,,
M118,Geranium maculatum,Tilia americana,Prunus virginiana,Allium canadense,Ulmus rubra,Fraxinus americana,Cardamine concatenata,Acer saccharum,Erythronium albidum,Quercus alba,,,,,,,,,,,,,,,,,,,,,,,,
MM108,,Taraxacum officinale,Dactylis glomerata,Poa pratensis,Trifolium repens,Bromus inermis,Glechoma hederacea,Leucanthemum vulgare,Rhamnus cathartica,Symphyotrichum lateriflorum,,,,,,,,,,,,,,,,,,,,,,,,
O109,Geranium maculatum,Tilia americana,Sanguinaria canadensis,Claytonia virginica,Fraxinus americana,Cardamine concatenata,Acer saccharum,Erythronium albidum,Quercus alba,Ostrya virginiana,,,,,,,,,,,,,,,,,,,,,,,,
O136,Rosa,Tilia americana,Ulmus rubra,Asarum canadense,Lythrum alatum,Quercus rubra,Acer saccharum,Floerkea proserpinacoides,Impatiens capensis,Fraxinus,,,,,,,,,,,,,,,,,,,,,,,,
QQ133,,Tilia americana,Claytonia virginica,Quercus rubra,Lonicera maackii,Cardamine concatenata,Acer saccharum,Erythronium albidum,Prunus serotina,Maianthemum racemosum,,,,,,,,,,,,,,,,,,,,,,,,
RR129,,Tilia americana,Carex,Lonicera maackii,Cardamine concatenata,Arisaema triphyllum,Alliaria petiolata,Ulmus pumila,Morus alba,Robinia pseudoacacia,,,,,,,,,,,,,,,,,,,,,,,,
S86,Solidago ulmifolia,,Taraxacum officinale,Ageratina altissima,Allium canadense,Viola sororia,Alliaria petiolata,Erythronium albidum,Quercus alba,Ostrya virginiana,,,,,,,,,,,,,,,,,,,,,,,,
SS141,Berberis thunbergii,Tilia americana,Ulmus americana,Fraxinus pennsylvanica,Thelypteris palustris,Acer negundo,Impatiens capensis,Arisaema triphyllum,Symphyotrichum lateriflorum,Parthenocissus quinquefolia,,,,,,,,,,,,,,,,,,,,,,,,
SS142,Quercus alba,,Tilia americana,Ulmus rubra,Quercus ellipsoidalis,Ulmus americana,Lonicera maackii,Erythronium albidum,Fraxinus,Parthenocissus quinquefolia,,,,,,,,,,,,,,,,,,,,,,,,
T114,,Polygonum virginianum,Quercus macrocarpa,Impatiens,Cardamine concatenata,Circaea lutetiana,Acer saccharum,Erythronium albidum,Celtis occidentalis,Fraxinus,,,,,,,,,,,,,,,,,,,,,,,,
T87,,Geranium maculatum,Polygonum virginianum,Trillium recurvatum,Impatiens,Circaea lutetiana,Geum canadense,Rubus allegheniensis,Erythronium albidum,Parthenocissus quinquefolia,,,,,,,,,,,,,,,,,,,,,,,,
TT143,,Tilia americana,Ulmus rubra,Ulmus americana,Scutellaria lateriflora,Acer negundo,Impatiens capensis,Glyceria striata,Symphyotrichum lateriflorum,Fraxinus,,,,,,,,,,,,,,,,,,,,,,,,
V111,,Claytonia virginica,Quercus rubra,Cardamine concatenata,Acer saccharum,Anemone quinquefolia,Erythronium albidum,Dicentra cucullaria,Quercus alba,Ostrya virginiana,,,,,,,,,,,,,,,,,,,,,,,,
WW130,Tilia americana,Juglans nigra,Trillium recurvatum,Ulmus americana,Quercus rubra,Lonicera maackii,Fraxinus pennsylvanica,Arisaema triphyllum,Alliaria petiolata,Carex,,,,,,,,,,,,,,,,,,,,,,,,
XX125,,Acer platanoides,Lonicera maackii,Acer negundo,Circaea lutetiana,Acer saccharum,Alliaria petiolata,Viola sororia,Rhamnus cathartica,Morus alba,,,,,,,,,,,,,,,,,,,,,,,,
Y141,Phalaris arundinacea,,Crataegus,Rosa carolina,Securigera varia,Solidago canadensis,Verbesina alternifolia,Rhamnus cathartica,Prunus serotina,Monarda fistulosa,,,,,,,,,,,,,,,,,,,,,,,,
Z132,,Juglans nigra,Claytonia virginica,Mertensia virginica,Impatiens,Acer saccharum,Floerkea proserpinacoides,Erythronium albidum,Prunus serotina,Maianthemum racemosum,,,,,,,,,,,,,,,,,,,,,,,,
Z86,,Juglans nigra,Polygonum virginianum,Ranunculus hispidus,Impatiens,Geum canadense,Alliaria petiolata,Solidago canadensis,Eupatorium purpureum,Hackelia virginiana,,,,,,,,,,,,,,,,,,,,,,,,
A121,Solidago ulmifolia,Juglans nigra,Ostrya virginiana,Allium canadense,Galium triflorum,Celastrus orbiculatus,Solidago canadensis,Allium cernuum,Symphyotrichum lateriflorum,Polygonatum biflorum,Carex,,,,,,,,,,,,,,,,,,,,,,,
AA114,,Sanguinaria canadensis,Crataegus,Claytonia virginica,Fraxinus pennsylvanica,Quercus rubra,Dactylis glomerata,Acer saccharum,Erythronium albidum,Cerastium,Ostrya virginiana,,,,,,,,,,,,,,,,,,,,,,,
BB107,Solidago ulmifolia,,Taraxacum officinale,Daucus carota,Agrimonia,Symphyotrichum drummondii,Dactylis glomerata,Circaea lutetiana,Acer saccharum,Alliaria petiolata,Quercus alba,,,,,,,,,,,,,,,,,,,,,,,
D117,,Tilia americana,Impatiens,Lonicera maackii,Geum canadense,Fraxinus,Erythronium albidum,Symphyotrichum shortii,Phellodendron amurense,Polygonatum biflorum,Ostrya virginiana,,,,,,,,,,,,,,,,,,,,,,,
DD86,Juglans nigra,Rubus occidentalis,Acer saccharum,Geum canadense,Arisaema triphyllum,Galium aparine,Erythronium albidum,Celtis occidentalis,Sambucus canadensis,Maianthemum racemosum,Ostrya virginiana,,,,,,,,,,,,,,,,,,,,,,,
F114,Taraxacum officinale,Rubus,Juglans nigra,Quercus macrocarpa,Ulmus americana,Symphyotrichum drummondii,Celastrus orbiculatus,Lonicera tatarica,Geum canadense,Erythronium albidum,Symphyotrichum lateriflorum,,,,,,,,,,,,,,,,,,,,,,,
FF138,,Juglans nigra,Crataegus,Ulmus americana,Fraxinus pennsylvanica,Lonicera maackii,Arisaema triphyllum,Alliaria petiolata,Rhamnus cathartica,Prunus serotina,Parthenocissus quinquefolia,,,,,,,,,,,,,,,,,,,,,,,
HA127,,Juglans nigra,Ulmus rubra,Prunus serotina,Ulmus americana,Lonicera maackii,Acer saccharum,Gleditsia triacanthos,Pilea pumila,Morus alba,Parthenocissus quinquefolia,,,,,,,,,,,,,,,,,,,,,,,
HB126,,Lonicera maackii,Circaea lutetiana,Acer saccharum,Geum canadense,Alliaria petiolata,Rhamnus cathartica,Parthenocissus quinquefolia,Prunus serotina,Fraxinus,Carex,,,,,,,,,,,,,,,,,,,,,,,
HB131,,Quercus macrocarpa,Ulmus americana,Lonicera maackii,Acer negundo,Cornus,Arisaema triphyllum,Erythronium albidum,Rhamnus cathartica,Prunus serotina,Parthenocissus quinquefolia,,,,,,,,,,,,,,,,,,,,,,,
HB143,,Tilia americana,Prunus virginiana,Ostrya virginiana,Ulmus rubra,Ulmus americana,Quercus rubra,Lonicera maackii,Erythronium albidum,Prunus serotina,Parthenocissus quinquefolia,,,,,,,,,,,,,,,,,,,,,,,
HH112,Quercus alba,Taraxacum officinale,Tilia americana,Polygonum virginianum,Symphyotrichum drummondii,Circaea lutetiana,Geum canadense,Alliaria petiolata,Hackelia virginiana,Fraxinus,Carex,,,,,,,,,,,,,,,,,,,,,,,
I124,,Geranium maculatum,Sanguinaria canadensis,Claytonia virginica,Quercus rubra,Acer saccharum,Erythronium albidum,Osmorhiza claytonii,Symphyotrichum shortii,Quercus alba,Ostrya virginiana,,,,,,,,,,,,,,,,,,,,,,,
JJ121,,Polygonum virginianum,Trillium recurvatum,Claytonia virginica,Impatiens,Ulmus americana,Circaea lutetiana,Geum canadense,Floerkea proserpinacoides,Alliaria petiolata,Osmorhiza claytonii,,,,,,,,,,,,,,,,,,,,,,,
JJ87,,Ageratina altissima,Trillium recurvatum,Claytonia virginica,Impatiens,Osmorhiza,Circaea lutetiana,Acer saccharum,Alliaria petiolata,Erythronium albidum,Sanicula,,,,,,,,,,,,,,,,,,,,,,,
LL104,Convolvulus,Tilia americana,Galium triflorum,Circaea lutetiana,Carya cordiformis,Geum canadense,Arisaema triphyllum,Viola sororia,Symphyotrichum lateriflorum,Quercus alba,Oxalis stricta,,,,,,,,,,,,,,,,,,,,,,,
MM114,Tilia americana,Claytonia virginica,Ulmus americana,Fraxinus americana,Cardamine concatenata,Circaea lutetiana,Acer saccharum,Fraxinus,Prunus serotina,Quercus alba,Ostrya virginiana,,,,,,,,,,,,,,,,,,,,,,,
N110,Geranium maculatum,Tilia americana,Claytonia virginica,Solidago flexicaulis,Lonicera maackii,Fraxinus americana,Cardamine concatenata,Acer saccharum,Erythronium albidum,Dicentra cucullaria,Quercus alba,,,,,,,,,,,,,,,,,,,,,,,
P124,,Geranium maculatum,Claytonia virginica,Solidago flexicaulis,Carex pensylvanica,Cardamine concatenata,Acer saccharum,Anemone quinquefolia,Erythronium albidum,Uvularia grandiflora,Ostrya virginiana,,,,,,,,,,,,,,,,,,,,,,,
T84,,Symphyotrichum,Galium triflorum,Trillium recurvatum,Quercus ellipsoidalis,Impatiens,Ulmus americana,Lonicera maackii,Arisaema triphyllum,Solidago canadensis,Polygonatum biflorum,,,,,,,,,,,,,,,,,,,,,,,
TT129,Ulmus rubra,Crataegus,Ulmus americana,Lonicera maackii,Alliaria petiolata,Galium aparine,Ulmus pumila,Rhamnus cathartica,Morus alba,Prunus serotina,Parthenocissus quinquefolia,,,,,,,,,,,,,,,,,,,,,,,
TT137,Tilia americana,Ostrya virginiana,Allium canadense,Ulmus americana,Cardamine concatenata,Impatiens capensis,Erythronium albidum,Allium tricoccum,Prunus serotina,Quercus alba,Parthenocissus quinquefolia,,,,,,,,,,,,,,,,,,,,,,,
U130,,Geranium maculatum,Tilia americana,Ranunculus hispidus,Claytonia virginica,Acer saccharum,Stylophorum diphyllum,Floerkea proserpinacoides,Fraxinus,Quercus alba,Ostrya virginiana,,,,,,,,,,,,,,,,,,,,,,,
Y90,,Taraxacum officinale,Carex hirtifolia,Tilia americana,Quercus macrocarpa,Quercus rubra,Acer saccharum,Geum canadense,Arisaema triphyllum,Erythronium albidum,Quercus alba,,,,,,,,,,,,,,,,,,,,,,,
Z143,Phalaris arundinacea,Bidens,Convolvulus,Symphyotrichum,,Torilis,Dipsacus fullonum,Dactylis glomerata,Symphyotrichum pilosum,Geum canadense,Carex,,,,,,,,,,,,,,,,,,,,,,,
ZZ130,,Tilia americana,Ulmus rubra,Ulmus americana,Lonicera maackii,Circaea lutetiana,Carya cordiformis,Arisaema triphyllum,Erythronium albidum,Celtis occidentalis,Prunus serotina,,,,,,,,,,,,,,,,,,,,,,,
ZZ142,Berberis thunbergii,Tilia americana,Prunus virginiana,Ulmus americana,Fraxinus pennsylvanica,Circaea lutetiana,Cardamine concatenata,Erythronium albidum,Toxicodendron radicans,Maianthemum racemosum,Polygonatum biflorum,,,,,,,,,,,,,,,,,,,,,,,
BB115,Ambrosia artemisiifolia,Taraxacum officinale,Daucus carota,Fragaria virginiana,Trifolium pratense,Apocynum cannabinum,Poa pratensis,Solidago canadensis,Rhamnus cathartica,Smilax,Monarda fistulosa,Parthenocissus quinquefolia,,,,,,,,,,,,,,,,,,,,,,
BB116,Claytonia virginica,Solidago flexicaulis,Fraxinus pennsylvanica,Acer saccharum,Impatiens capensis,Alliaria petiolata,Anemone quinquefolia,Erythronium albidum,Dicentra cucullaria,Allium tricoccum,Maianthemum racemosum,Ostrya virginiana,,,,,,,,,,,,,,,,,,,,,,
D123,,Tilia americana,Elymus hystrix,Quercus macrocarpa,Impatiens,Ulmus americana,Geum canadense,Floerkea proserpinacoides,Solidago canadensis,Toxicodendron radicans,Symphyotrichum lateriflorum,Phellodendron amurense,,,,,,,,,,,,,,,,,,,,,,
F118,Tilia americana,Claytonia virginica,Agrimonia pubescens,Impatiens,Quercus macrocarpa,Ulmus americana,Geum canadense,Floerkea proserpinacoides,Erythronium albidum,Sanicula odorata,Symphyotrichum lateriflorum,Fraxinus,,,,,,,,,,,,,,,,,,,,,,
FF91,,Tilia americana,Liriodendron tulipifera,Viburnum,Quercus rubra,Lonicera maackii,Ulmus,Acer saccharum,Arisaema triphyllum,Prunus serotina,Maianthemum racemosum,Viburnum opulus,,,,,,,,,,,,,,,,,,,,,,
GG121,Claytonia virginica,Ulmus americana,Quercus rubra,Cardamine concatenata,Circaea lutetiana,Acer saccharum,Floerkea proserpinacoides,Galium aparine,Prunus serotina,Maianthemum racemosum,Quercus alba,Ostrya virginiana,,,,,,,,,,,,,,,,,,,,,,
HA124,,Juglans nigra,Ulmus rubra,Quercus macrocarpa,Fraxinus pennsylvanica,Lonicera maackii,Symphyotrichum drummondii,Acer saccharum,Solidago canadensis,Rhamnus cathartica,Prunus serotina,Parthenocissus quinquefolia,,,,,,,,,,,,,,,,,,,,,,
J121,,Tilia americana,Allium canadense,Agrimonia pubescens,Impatiens,Quercus rubra,Ulmus americana,Floerkea proserpinacoides,Galium aparine,Erythronium albidum,Quercus alba,Carex,,,,,,,,,,,,,,,,,,,,,,
K107,,Tilia americana,Claytonia virginica,Hydrophyllum virginianum,Quercus rubra,Cardamine concatenata,Acer saccharum,Anemone quinquefolia,Erythronium albidum,Anemonella thalictroides,Quercus alba,Ostrya virginiana,,,,,,,,,,,,,,,,,,,,,,
KK116,,Tilia americana,Polygonum virginianum,Impatiens,Cardamine concatenata,Circaea lutetiana,Acer saccharum,Geum canadense,Alliaria petiolata,Fraxinus,Prunus serotina,Quercus alba,,,,,,,,,,,,,,,,,,,,,,
LL103,,Bidens,Tilia americana,Symphyotrichum,Rubus,Polygonum virginianum,Galium triflorum,Quercus rubra,Circaea lutetiana,Alliaria petiolata,Hackelia virginiana,Maianthemum racemosum,,,,,,,,,,,,,,,,,,,,,,
NN110,,Tilia americana,Ageratina altissima,Galium triflorum,Quercus rubra,Symphyotrichum drummondii,Circaea lutetiana,Viola sororia,Anemone quinquefolia,Solidago canadensis,Quercus alba,Carex,,,,,,,,,,,,,,,,,,,,,,
OO110,Ambrosia artemisiifolia,Phalaris arundinacea,,Daucus carota,Prunella vulgaris,Crataegus,Potentilla simplex,Viola sororia,Solidago gigantea,Leucanthemum vulgare,Quercus alba,Carex,,,,,,,,,,,,,,,,,,,,,,
OO130,,Tilia americana,Trillium recurvatum,Ulmus rubra,Ulmus americana,Lonicera maackii,Euonymus,Acer saccharum,Alliaria petiolata,Erythronium albidum,Celtis occidentalis,Prunus serotina,,,,,,,,,,,,,,,,,,,,,,
OO146,,Geranium maculatum,Tilia americana,Allium canadense,Ulmus rubra,Carex,Lonicera maackii,Circaea lutetiana,Acer saccharum,Geum canadense,Erythronium albidum,Parthenocissus quinquefolia,,,,,,,,,,,,,,,,,,,,,,
S111,,Tilia americana,Crataegus,Impatiens,Mertensia virginica,Quercus rubra,Cardamine concatenata,Acer saccharum,Geum canadense,Floerkea proserpinacoides,Alliaria petiolata,Erythronium albidum,,,,,,,,,,,,,,,,,,,,,,
S75,,Polygonum virginianum,Cardamine,Lonicera maackii,Acer saccharum,Rubus allegheniensis,Alliaria petiolata,Erythronium albidum,Prunus serotina,Maianthemum racemosum,Quercus alba,Parthenocissus quinquefolia,,,,,,,,,,,,,,,,,,,,,,
TT130,,Crataegus,Ulmus americana,Lonicera maackii,Acer saccharum,Ulmus pumila,Celtis occidentalis,Morus alba,Rhamnus cathartica,Prunus serotina,Fraxinus,Parthenocissus quinquefolia,,,,,,,,,,,,,,,,,,,,,,
TT132,Tilia americana,Trillium recurvatum,Claytonia virginica,Ulmus americana,Fraxinus pennsylvanica,Lonicera maackii,Quercus rubra,Acer saccharum,Podophyllum peltatum,Alliaria petiolata,Galium aparine,Prunus serotina,,,,,,,,,,,,,,,,,,,,,,
U98,,Tilia americana,Quercus macrocarpa,Impatiens,Ulmus americana,Lonicera maackii,Geum canadense,Arisaema triphyllum,Erythronium albidum,Rhamnus cathartica,Symphyotrichum lateriflorum,Fraxinus,,,,,,,,,,,,,,,,,,,,,,
UU132,,Tilia americana,Claytonia virginica,Quercus rubra,Lonicera maackii,Acer saccharum,Arisaema triphyllum,Galium aparine,Alliaria petiolata,Acer platanoides,Prunus serotina,Maianthemum racemosum,,,,,,,,,,,,,,,,,,,,,,
X110,,Trillium recurvatum,Ulmus americana,Quercus rubra,Lonicera maackii,Fraxinus pennsylvanica,Acer saccharum,Carya cordiformis,Alliaria petiolata,Fraxinus,Prunus serotina,Polygonatum biflorum,,,,,,,,,,,,,,,,,,,,,,
X76,Geranium maculatum,Viburnum,Impatiens,Cornus,Circaea lutetiana,Rubus occidentalis,Acer saccharum,Geum canadense,Rubus allegheniensis,Alliaria petiolata,Toxicodendron radicans,Quercus alba,,,,,,,,,,,,,,,,,,,,,,
YY140,Menispermum canadense,Trillium recurvatum,Ranunculus hispidus,Fraxinus pennsylvanica,Lonicera maackii,Impatiens capensis,Arisaema triphyllum,Erythronium albidum,Rhamnus cathartica,Allium tricoccum,Rosa multiflora,Maianthemum racemosum,,,,,,,,,,,,,,,,,,,,,,
Z118,Sanguinaria canadensis,Claytonia virginica,Quercus rubra,Circaea lutetiana,Acer saccharum,Podophyllum peltatum,Floerkea proserpinacoides,Alliaria petiolata,Galium aparine,Carya cordiformis,Fraxinus,Ostrya virginiana,,,,,,,,,,,,,,,,,,,,,,
A131,Tilia americana,Fraxinus quadrangulata,Ostrya virginiana,Quercus macrocarpa,Ulmus americana,Fraxinus pennsylvanica,Quercus rubra,Celtis occidentalis,Toxicodendron radicans,Rhamnus cathartica,Maianthemum racemosum,Fraxinus,Parthenocissus quinquefolia,,,,,,,,,,,,,,,,,,,,,
BB84,Tilia americana,Ageratina altissima,Ostrya virginiana,Claytonia virginica,Impatiens,Quercus rubra,Circaea lutetiana,Acer saccharum,Erythronium albidum,Anemonella thalictroides,Prunus serotina,Maianthemum racemosum,Parthenocissus quinquefolia,,,,,,,,,,,,,,,,,,,,,
CC99,,Bidens,Tilia americana,Ageratina altissima,Ulmus americana,Symphyotrichum drummondii,Quercus,Circaea lutetiana,Arisaema triphyllum,Fraxinus,Prunus serotina,Quercus alba,Parthenocissus quinquefolia,,,,,,,,,,,,,,,,,,,,,
EE126,Cryptotaenia canadensis,Impatiens,Quercus rubra,Fallopia scandens,Circaea lutetiana,Carya cordiformis,Geum canadense,Floerkea proserpinacoides,Ambrosia trifida,Alliaria petiolata,Celtis occidentalis,Maianthemum racemosum,Chenopodium album,,,,,,,,,,,,,,,,,,,,,
J110,Prunus virginiana,Claytonia virginica,Ulmus americana,Quercus rubra,Cardamine concatenata,Lonicera tatarica,Acer saccharum,Viburnum prunifolium,Erythronium albidum,Toxicodendron radicans,Allium tricoccum,Prunus serotina,Quercus alba,,,,,,,,,,,,,,,,,,,,,
JJ105,Solidago ulmifolia,,Tilia americana,Poa,Ageratina altissima,Polygonum virginianum,Dactylis glomerata,Circaea lutetiana,Alliaria petiolata,Allium tricoccum,Prunus serotina,Quercus alba,Ostrya virginiana,,,,,,,,,,,,,,,,,,,,,
JJ111,Geranium maculatum,Tilia americana,Galium triflorum,Trillium recurvatum,Viola,Quercus rubra,Circaea lutetiana,Geum canadense,Arisaema triphyllum,Alliaria petiolata,Hackelia virginiana,Prunus serotina,Quercus alba,,,,,,,,,,,,,,,,,,,,,
NN118,,Tilia americana,Polygonum virginianum,Claytonia virginica,Ulmus americana,Fallopia scandens,Acer saccharum,Floerkea proserpinacoides,Alliaria petiolata,Impatiens capensis,Solidago canadensis,Maianthemum racemosum,Quercus alba,,,,,,,,,,,,,,,,,,,,,
NN145,Tilia americana,Juglans nigra,Trillium recurvatum,Ranunculus hispidus,Ulmus rubra,Lonicera maackii,Cardamine concatenata,Circaea lutetiana,Ribes missouriense,Alliaria petiolata,Maianthemum racemosum,Quercus alba,Parthenocissus quinquefolia,,,,,,,,,,,,,,,,,,,,,
PP143,,Tilia americana,Prunus virginiana,Ulmus rubra,Quercus rubra,Fraxinus americana,Circaea lutetiana,Cardamine concatenata,Acer saccharum,Erythronium albidum,Prunus serotina,Quercus alba,Parthenocissus quinquefolia,,,,,,,,,,,,,,,,,,,,,
QQ146,,Tilia americana,Trillium recurvatum,Quercus macrocarpa,Hydrophyllum virginianum,Lonicera maackii,Circaea lutetiana,Impatiens capensis,Alliaria petiolata,Erythronium albidum,Maianthemum racemosum,Fraxinus,Parthenocissus quinquefolia,,,,,,,,,,,,,,,,,,,,,
R116,,Ostrya virginiana,Claytonia virginica,Quercus macrocarpa,Quercus rubra,Fraxinus americana,Cardamine concatenata,Acer saccharum,Anemone quinquefolia,Erythronium albidum,Uvularia grandiflora,Quercus alba,Carex,,,,,,,,,,,,,,,,,,,,,
RR139,Geranium maculatum,Ostrya virginiana,Trillium recurvatum,Ulmus americana,Carex pensylvanica,Cardamine concatenata,Circaea lutetiana,Acer saccharum,Erythronium albidum,Rhamnus cathartica,Maianthemum racemosum,Fraxinus,Parthenocissus quinquefolia,,,,,,,,,,,,,,,,,,,,,
RR142,Tilia americana,Prunus virginiana,Trillium recurvatum,Ulmus,Cardamine concatenata,Acer saccharum,Carya,Arisaema triphyllum,Erythronium albidum,Prunus serotina,Maianthemum racemosum,Quercus alba,Parthenocissus quinquefolia,,,,,,,,,,,,,,,,,,,,,
S72,Juglans nigra,Polygonum virginianum,Aesculus,Quercus macrocarpa,Impatiens,Viburnum opulus,Circaea lutetiana,Erythronium albidum,Rhamnus cathartica,Symphyotrichum lateriflorum,Rubus idaeus,Quercus alba,Parthenocissus quinquefolia,,,,,,,,,,,,,,,,,,,,,
TT133,Tilia americana,Ostrya virginiana,Ulmus americana,Acer negundo,Circaea lutetiana,Cardamine concatenata,Acer saccharum,Geum canadense,Malus,Alliaria petiolata,Rhamnus cathartica,Prunus serotina,Parthenocissus quinquefolia,,,,,,,,,,,,,,,,,,,,,
U111,,Geranium maculatum,Tilia americana,Claytonia virginica,Quercus macrocarpa,Impatiens,Quercus rubra,Ulmus americana,Cardamine concatenata,Acer saccharum,Floerkea proserpinacoides,Erythronium albidum,Anemonella thalictroides,,,,,,,,,,,,,,,,,,,,,
W128,Tilia americana,Claytonia virginica,Hydrophyllum virginianum,Impatiens,Mertensia virginica,Quercus rubra,Circaea lutetiana,Acer saccharum,Alliaria petiolata,Galium aparine,Erythronium albidum,Prunus serotina,Maianthemum racemosum,,,,,,,,,,,,,,,,,,,,,
W137,Phalaris arundinacea,Elymus villosus,,Juglans nigra,Ranunculus abortivus,Rubus occidentalis,Geum canadense,Solidago canadensis,Teucrium canadense,Verbesina alternifolia,Hackelia virginiana,Prunus serotina,Carex,,,,,,,,,,,,,,,,,,,,,
WW140,Geranium maculatum,Berberis thunbergii,Ostrya virginiana,Fraxinus pennsylvanica,Cardamine concatenata,Circaea lutetiana,Acer saccharum,Geum canadense,Arisaema triphyllum,Allium cernuum,Erythronium albidum,Smilax illinoensis,Parthenocissus quinquefolia,,,,,,,,,,,,,,,,,,,,,
X93,,Geranium maculatum,Tilia americana,Ageratina altissima,Galium triflorum,Quercus macrocarpa,Quercus rubra,Circaea lutetiana,Geum canadense,Arisaema triphyllum,Alliaria petiolata,Quercus alba,Ostrya virginiana,,,,,,,,,,,,,,,,,,,,,
Y94,,Trillium recurvatum,Fragaria virginiana,Symphyotrichum drummondii,Dactylis glomerata,Poa pratensis,Symphyotrichum pilosum,Calystegia sepium,Potentilla simplex,Achillea millefolium,Solidago canadensis,Symphyotrichum lateriflorum,Carex,,,,,,,,,,,,,,,,,,,,,
A124,,Tilia americana,Impatiens,Carex pensylvanica,Cardamine concatenata,Acer saccharum,Campanula americana,Geum canadense,Alliaria petiolata,Erythronium albidum,Prenanthes alba,Sanicula odorata,Prunus serotina,Ostrya virginiana,,,,,,,,,,,,,,,,,,,,
B109,,Daucus carota,Symphyotrichum,Arnoglossum atriplicifolium,Symphyotrichum drummondii,Schizachyrium scoparium,Poa pratensis,Bromus inermis,Achillea millefolium,Solidago canadensis,Plantago lanceolata,Symphyotrichum novae-angliae,Monarda fistulosa,Parthenocissus quinquefolia,,,,,,,,,,,,,,,,,,,,
C120,Tilia americana,Juglans nigra,Quercus ellipsoidalis,Impatiens,Quercus rubra,Lonicera maackii,Carya cordiformis,Ambrosia trifida,Erythronium albidum,Osmorhiza claytonii,Rhamnus cathartica,Rosa multiflora,Fraxinus,Ostrya virginiana,,,,,,,,,,,,,,,,,,,,
CC138,Convolvulus,Bidens frondosa,Taraxacum officinale,Ficaria verna,Poa compressa,Impatiens,Solidago,Polygonum,Acer negundo,Ulmus americana,Acer saccharum,Toxicodendron radicans,Rhamnus cathartica,Fraxinus,,,,,,,,,,,,,,,,,,,,
D113,Convolvulus,Ambrosia artemisiifolia,Menispermum canadense,,Quercus macrocarpa,Rubus occidentalis,Lonicera tatarica,Geum canadense,Arisaema triphyllum,Alliaria petiolata,Cirsium arvense,Hydrophyllum,Prunus serotina,Helianthus,,,,,,,,,,,,,,,,,,,,
DD145,,Bidens,Taraxacum officinale,Juglans nigra,Trillium recurvatum,Ulmus rubra,Quercus macrocarpa,Quercus rubra,Circaea lutetiana,Alliaria petiolata,Morus,Lonicera,Prunus serotina,Cirsium,,,,,,,,,,,,,,,,,,,,
EE108,,Rubus,Elymus hystrix,Fragaria virginiana,Impatiens,Ulmus americana,Symphyotrichum drummondii,Galium circaezans,Circaea lutetiana,Potentilla simplex,Fraxinus,Solidago canadensis,Quercus alba,Carex,,,,,,,,,,,,,,,,,,,,
F113,,Taraxacum officinale,Rubus,Galium triflorum,Ulmus rubra,Fraxinus pennsylvanica,Quercus rubra,Lonicera tatarica,Carya cordiformis,Geum canadense,Erythronium albidum,Acer platanoides,Symphyotrichum lateriflorum,Prunus serotina,,,,,,,,,,,,,,,,,,,,
GG135,,Juglans nigra,Polygonum virginianum,Ranunculus hispidus,Quercus macrocarpa,Crataegus,Lonicera maackii,Circaea lutetiana,Acer saccharum,Impatiens capensis,Alliaria petiolata,Rhamnus cathartica,Prunus serotina,Parthenocissus quinquefolia,,,,,,,,,,,,,,,,,,,,
HH103,Solidago ulmifolia,Taraxacum officinale,Elymus hystrix,Quercus macrocarpa,Ulmus americana,Fraxinus americana,Symphyotrichum drummondii,Galium circaezans,Rubus occidentalis,Smilax tamnoides,Alliaria petiolata,Solidago canadensis,Quercus alba,Carex,,,,,,,,,,,,,,,,,,,,
HH96,Tilia americana,Ostrya virginiana,Ranunculus abortivus,Crataegus,Quercus rubra,Circaea lutetiana,Geum canadense,Calystegia sepium,Alliaria petiolata,Galium aparine,Erythronium albidum,Sanicula,Symphyotrichum lateriflorum,Viburnum opulus,,,,,,,,,,,,,,,,,,,,
I107,,Geranium maculatum,Trillium recurvatum,Quercus macrocarpa,Ulmus americana,Cardamine concatenata,Acer saccharum,Floerkea proserpinacoides,Erythronium albidum,Allium cernuum,Celtis occidentalis,Prunus serotina,Polygonatum biflorum,Ostrya virginiana,,,,,,,,,,,,,,,,,,,,
I117,,Tilia americana,Allium canadense,Ranunculus hispidus,Quercus macrocarpa,Impatiens,Ulmus americana,Floerkea proserpinacoides,Galium aparine,Erythronium albidum,Sanicula odorata,Symphyotrichum shortii,Fraxinus,Ostrya virginiana,,,,,,,,,,,,,,,,,,,,
II90,Claytonia virginica,Impatiens,Quercus rubra,Osmorhiza,Euonymus,Circaea lutetiana,Acer saccharum,Alliaria petiolata,Galium aparine,Erythronium albidum,Sanicula,Prunus serotina,Maianthemum racemosum,Ostrya virginiana,,,,,,,,,,,,,,,,,,,,
K115,,Geranium maculatum,Allium canadense,Claytonia virginica,Quercus macrocarpa,Quercus rubra,Cardamine concatenata,Acer saccharum,Anemone quinquefolia,Erythronium albidum,Anemonella thalictroides,Toxicodendron radicans,Quercus alba,Ostrya virginiana,,,,,,,,,,,,,,,,,,,,
KK119,,Tilia americana,Sanguinaria canadensis,Trillium recurvatum,Ulmus rubra,Impatiens,Circaea lutetiana,Acer saccharum,Geum canadense,Alliaria petiolata,Osmorhiza claytonii,Maianthemum racemosum,Fraxinus,Carex,,,,,,,,,,,,,,,,,,,,
KK145,,Geranium maculatum,Tilia americana,Trillium recurvatum,Ulmus rubra,Lonicera maackii,Thalictrum dioicum,Acer saccharum,Impatiens capensis,Alliaria petiolata,Erythronium albidum,Prunus serotina,Maianthemum racemosum,Ostrya virginiana,,,,,,,,,,,,,,,,,,,,
PP146,,Quercus alba,Tilia americana,Juglans nigra,Trillium recurvatum,Ulmus rubra,Ulmus americana,Circaea lutetiana,Alliaria petiolata,Fraxinus,Erythronium albidum,Maianthemum racemosum,Polygonatum biflorum,Parthenocissus quinquefolia,,,,,,,,,,,,,,,,,,,,
R83,Solidago ulmifolia,Taraxacum officinale,Cercis canadensis,Trillium recurvatum,Fragaria virginiana,Quercus macrocarpa,Impatiens,Quercus rubra,Elymus,Geum canadense,Potentilla simplex,Erythronium albidum,Symphyotrichum shortii,Carex,,,,,,,,,,,,,,,,,,,,
RR113,Quercus alba,Galium triflorum,Quercus macrocarpa,Circaea lutetiana,Lonicera tatarica,Carya cordiformis,Geum canadense,Acer saccharum,Alliaria petiolata,Osmorhiza claytonii,Prunus serotina,Maianthemum racemosum,Fraxinus,Parthenocissus quinquefolia,,,,,,,,,,,,,,,,,,,,
SS113,Ulmus americana,Symphyotrichum drummondii,Circaea lutetiana,Rubus occidentalis,Lonicera tatarica,Impatiens capensis,Alliaria petiolata,Arisaema triphyllum,Acalypha virginica,Hackelia virginiana,Prunus serotina,Maianthemum racemosum,Quercus alba,Parthenocissus quinquefolia,,,,,,,,,,,,,,,,,,,,
T88,Geranium maculatum,Taraxacum officinale,Symphyotrichum,Carya ovata,Impatiens,Quercus rubra,Lonicera maackii,Symphyotrichum drummondii,Geum canadense,Arisaema triphyllum,Erythronium albidum,Eupatorium purpureum,Quercus alba,Carex,,,,,,,,,,,,,,,,,,,,
T89,Geranium maculatum,Taraxacum officinale,Ageratina altissima,Prunus virginiana,Symphyotrichum,Claytonia virginica,Elymus,Symphyotrichum drummondii,Arisaema triphyllum,Solidago canadensis,Erythronium albidum,Prenanthes alba,Parthenocissus quinquefolia,Carex,,,,,,,,,,,,,,,,,,,,
TT110,,Tilia americana,Ageratina altissima,Quercus macrocarpa,Ulmus americana,Symphyotrichum drummondii,Circaea lutetiana,Podophyllum peltatum,Alliaria petiolata,Solidago canadensis,Prunus serotina,Maianthemum racemosum,Quercus alba,Parthenocissus quinquefolia,,,,,,,,,,,,,,,,,,,,
X125,Geranium maculatum,Taraxacum officinale,Claytonia virginica,Impatiens,Ulmus americana,Quercus rubra,Cardamine concatenata,Acer saccharum,Geum canadense,Alliaria petiolata,Celtis occidentalis,Prunus serotina,Quercus alba,Ostrya virginiana,,,,,,,,,,,,,,,,,,,,
XX134,Carex hirtifolia,Euonymus alatus,Lonicera maackii,Circaea lutetiana,Cardamine concatenata,Acer saccharum,Carex jamesii,Geum canadense,Viola sororia,Alliaria petiolata,Arisaema triphyllum,Erythronium albidum,Rhamnus cathartica,Parthenocissus quinquefolia,,,,,,,,,,,,,,,,,,,,
Y147,Convolvulus,,Juglans nigra,Polygonum virginianum,Impatiens,Viola,Lonicera maackii,Circaea lutetiana,Geum canadense,Alliaria petiolata,Hackelia virginiana,Rhamnus cathartica,Prunus serotina,Maianthemum racemosum,,,,,,,,,,,,,,,,,,,,
Z76,,Taraxacum officinale,Rubus,Vitis,Claytonia virginica,Impatiens,Quercus rubra,Poa pratensis,Lonicera tatarica,Acer saccharum,Geum canadense,Picea abies,Erigeron,Fraxinus,,,,,,,,,,,,,,,,,,,,
ZZ134,Tilia americana,Allium canadense,Ranunculus abortivus,Ulmus americana,Fraxinus pennsylvanica,Lonicera maackii,Circaea lutetiana,Geum canadense,Alliaria petiolata,Erythronium albidum,Rhamnus cathartica,Rosa multiflora,Prunus serotina,Symphyotrichum lateriflorum,,,,,,,,,,,,,,,,,,,,
A133,Eupatorium,Taraxacum officinale,Hackelia virginiana,Galium triflorum,Ulmus americana,Quercus rubra,Rubus occidentalis,Acer saccharum,Geum canadense,Solidago canadensis,Rhamnus cathartica,Symphyotrichum lateriflorum,Prunus serotina,Maianthemum racemosum,Fraxinus,,,,,,,,,,,,,,,,,,,
AA125,,Claytonia virginica,Asarum canadense,Impatiens,Solidago flexicaulis,Quercus macrocarpa,Ulmus americana,Acer saccharum,Geum canadense,Floerkea proserpinacoides,Hydrophyllum appendiculatum,Galium aparine,Erythronium albidum,Fraxinus,Parthenocissus quinquefolia,,,,,,,,,,,,,,,,,,,
B127,Solidago ulmifolia,,Tilia americana,Allium canadense,Agrimonia pubescens,Impatiens,Quercus rubra,Cardamine concatenata,Acer saccharum,Galium aparine,Erythronium albidum,Anemonella thalictroides,Symphyotrichum shortii,Prunus serotina,Quercus alba,,,,,,,,,,,,,,,,,,,
C123,Solidago ulmifolia,Tilia americana,Rubus pensilvanicus,Galium triflorum,Claytonia virginica,Ulmus americana,Polemonium reptans,Cardamine concatenata,Geum canadense,Rubus allegheniensis,Erythronium albidum,Hackelia virginiana,Symphyotrichum shortii,Quercus alba,Ostrya virginiana,,,,,,,,,,,,,,,,,,,
CC86,Solidago ulmifolia,Ageratina altissima,Galium triflorum,Claytonia virginica,Ptelea trifoliata,Quercus macrocarpa,Quercus rubra,Osmorhiza,Lonicera maackii,Circaea lutetiana,Acer saccharum,Geum canadense,Solidago canadensis,Hackelia virginiana,Ostrya virginiana,,,,,,,,,,,,,,,,,,,
D125,,Geranium maculatum,Taraxacum officinale,Tilia americana,Galium triflorum,Fragaria virginiana,Allium canadense,Quercus rubra,Cardamine concatenata,Acer saccharum,Geum canadense,Solidago canadensis,Erythronium albidum,Rubus hispidus,Symphyotrichum shortii,,,,,,,,,,,,,,,,,,,
DD100,Tilia americana,Ageratina altissima,Galium triflorum,Ulmus rubra,Impatiens,Circaea lutetiana,Acer saccharum,Geum canadense,Floerkea proserpinacoides,Arisaema triphyllum,Alliaria petiolata,Lactuca canadensis,Hackelia virginiana,Symphyotrichum lateriflorum,Quercus alba,,,,,,,,,,,,,,,,,,,
EE128,Phalaris arundinacea,Rosa multiflora,Lonicera maackii,Symphyotrichum drummondii,Circaea lutetiana,Rubus occidentalis,Carya cordiformis,Geum canadense,Floerkea proserpinacoides,Ambrosia trifida,Acer saccharum,Glechoma hederacea,Celtis occidentalis,Rhamnus cathartica,Parthenocissus quinquefolia,,,,,,,,,,,,,,,,,,,
G126,,Geranium maculatum,Tilia americana,Ostrya virginiana,Prunus virginiana,Claytonia virginica,Agrimonia pubescens,Cardamine concatenata,Acer saccharum,Potentilla simplex,Hepatica acutiloba,Viola sororia,Erythronium albidum,Symphyotrichum lateriflorum,Carex,,,,,,,,,,,,,,,,,,,
HH87,Tilia americana,Ranunculus abortivus,Cladrastis kentukea,Impatiens,Viola,Osmorhiza,Symphyotrichum drummondii,Lonicera maackii,Acer saccharum,Geum canadense,Agrimonia gryposepala,Galium aparine,Toxicodendron radicans,Phlox divaricata,Quercus alba,,,,,,,,,,,,,,,,,,,
II105,,Tilia americana,Carex hirtifolia,Ageratina altissima,Symphyotrichum ericoides,Galium triflorum,Ranunculus abortivus,Polygonum virginianum,Juglans nigra,Ulmus americana,Quercus macrocarpa,Rubus occidentalis,Alliaria petiolata,Maianthemum racemosum,Quercus alba,,,,,,,,,,,,,,,,,,,
JJ115,,Geranium maculatum,Tilia americana,Allium canadense,Ulmus americana,Fraxinus americana,Cardamine concatenata,Circaea lutetiana,Acer saccharum,Geum canadense,Floerkea proserpinacoides,Alliaria petiolata,Fraxinus,Prunus serotina,Quercus alba,,,,,,,,,,,,,,,,,,,
KK109,,Tilia americana,Carex hirtifolia,Galium triflorum,Fragaria virginiana,Quercus macrocarpa,Ulmus americana,Circaea lutetiana,Acer saccharum,Potentilla simplex,Arisaema triphyllum,Toxicodendron radicans,Symphyotrichum lateriflorum,Prunus serotina,Carex,,,,,,,,,,,,,,,,,,,
LL133,,Tilia americana,Ulmus rubra,Ulmus americana,Quercus rubra,Lonicera maackii,Fraxinus pennsylvanica,Celtis occidentalis,Circaea lutetiana,Acer saccharum,Alliaria petiolata,Erythronium albidum,Rhamnus cathartica,Prunus serotina,Parthenocissus quinquefolia,,,,,,,,,,,,,,,,,,,
PP134,Tilia americana,Toxicodendron radicans,Ulmus americana,Rhamnus cathartica,Lonicera maackii,Celtis occidentalis,Quercus rubra,Acer saccharum,Carya cordiformis,Impatiens capensis,Arisaema triphyllum,Erythronium albidum,Sanicula odorata,Rosa multiflora,Fraxinus,,,,,,,,,,,,,,,,,,,
QQ131,Tilia americana,Claytonia virginica,Quercus rubra,Lonicera maackii,Celtis occidentalis,Acer saccharum,Viola sororia,Arisaema triphyllum,Sanicula odorata,Parthenocissus quinquefolia,Rosa multiflora,Prunus serotina,Maianthemum racemosum,Fraxinus,Carex,,,,,,,,,,,,,,,,,,,
QQ140,Quercus alba,Geranium maculatum,Tilia americana,,Trillium recurvatum,Quercus rubra,Cardamine concatenata,Circaea lutetiana,Ribes missouriense,Geum canadense,Acer saccharum,Erythronium albidum,Maianthemum racemosum,Fraxinus,Parthenocissus quinquefolia,,,,,,,,,,,,,,,,,,,
R75,,Quercus alba,Quercus rubra,Elymus,Circaea lutetiana,Acer saccharum,Rubus allegheniensis,Alliaria petiolata,Anemone quinquefolia,Erythronium albidum,Anemonella thalictroides,Toxicodendron radicans,Prunus serotina,Polygonatum biflorum,Rubus idaeus,,,,,,,,,,,,,,,,,,,
R86,,Geranium maculatum,Tilia americana,Ageratina altissima,Symphyotrichum,Ranunculus hispidus,Impatiens,0,Circaea lutetiana,Alliaria petiolata,Erythronium albidum,Hackelia virginiana,Allium tricoccum,Prunus serotina,Ostrya virginiana,,,,,,,,,,,,,,,,,,,
S70,Phalaris arundinacea,,Quercus macrocarpa,Impatiens,Quercus rubra,Symphyotrichum drummondii,Poa pratensis,Geum canadense,Alliaria petiolata,Galium aparine,Camassia scilloides,Erythronium albidum,Toxicodendron radicans,Quercus alba,Parthenocissus quinquefolia,,,,,,,,,,,,,,,,,,,
S97,Lonicera prolifera,Geranium maculatum,,Tilia americana,Carya ovata,Ulmus americana,Quercus rubra,Circaea lutetiana,Acer saccharum,Rubus allegheniensis,Arisaema triphyllum,Fraxinus,Erythronium albidum,Prunus serotina,Quercus alba,,,,,,,,,,,,,,,,,,,
T70,,Taraxacum officinale,Daucus carota,Quercus rubra,Lonicera maackii,Elymus,Symphyotrichum drummondii,Circaea lutetiana,Geum canadense,Alliaria petiolata,Camassia scilloides,Erythronium albidum,Symphyotrichum lateriflorum,Quercus alba,Carex,,,,,,,,,,,,,,,,,,,
VV133,Tilia americana,Ostrya virginiana,Claytonia virginica,Ulmus americana,Lonicera maackii,Circaea lutetiana,Cardamine concatenata,Acer saccharum,Geum canadense,Alliaria petiolata,Rhamnus cathartica,Sanicula,Prunus serotina,Maianthemum racemosum,Parthenocissus quinquefolia,,,,,,,,,,,,,,,,,,,
X78,,Oxalis stricta,Taraxacum officinale,Symphyotrichum,Fragaria virginiana,Ranunculus hispidus,Impatiens,Quercus rubra,Poa pratensis,Geum canadense,Fraxinus,Galium,Sambucus canadensis,Quercus alba,Carex,,,,,,,,,,,,,,,,,,,
Y115,,Tilia americana,Fraxinus quadrangulata,Asarum canadense,Ranunculus hispidus,Mertensia virginica,Quercus macrocarpa,Allium,Circaea lutetiana,Cardamine concatenata,Acer saccharum,Floerkea proserpinacoides,Impatiens capensis,Erythronium albidum,Prunus serotina,,,,,,,,,,,,,,,,,,,
Y135,Menispermum canadense,Allium canadense,Asarum canadense,Ranunculus hispidus,Polygonum virginianum,Lonicera maackii,Fallopia scandens,Carex jamesii,Circaea lutetiana,Acer saccharum,Geum canadense,Floerkea proserpinacoides,Stylophorum diphyllum,Ambrosia trifida,Laportea canadensis,,,,,,,,,,,,,,,,,,,
YY122,,Taraxacum officinale,Daucus carota,Toxicodendron radicans,Juniperus virginiana,Anemone virginiana,Fragaria virginiana,Fraxinus pennsylvanica,Lonicera maackii,Symphyotrichum drummondii,Poa pratensis,Rhamnus cathartica,Symphyotrichum lateriflorum,Prunus serotina,Parthenocissus quinquefolia,,,,,,,,,,,,,,,,,,,
Z92,Solidago ulmifolia,Geranium maculatum,,Claytonia virginica,Quercus rubra,Acer saccharum,Geum canadense,Alliaria petiolata,Fraxinus,Anemone quinquefolia,Erythronium albidum,Anemonella thalictroides,Prenanthes alba,Quercus alba,Carex,,,,,,,,,,,,,,,,,,,
ZZ132,Urtica dioica,Tilia americana,Ageratina altissima,Prunus virginiana,Juglans nigra,Polygonum virginianum,Quercus macrocarpa,Lonicera maackii,Acer negundo,Circaea lutetiana,Geum canadense,Arisaema triphyllum,Alliaria petiolata,Erythronium albidum,Parthenocissus quinquefolia,,,,,,,,,,,,,,,,,,,
A126,,Geranium maculatum,Tilia americana,Trillium recurvatum,Galium triflorum,Agrimonia pubescens,Viola,Cardamine concatenata,Acer saccharum,Geum canadense,Ranunculus,Erythronium albidum,Sanicula odorata,Symphyotrichum shortii,Symphyotrichum lateriflorum,Carex,,,,,,,,,,,,,,,,,,
A135,,Taraxacum officinale,Phellodendron amurense,Juglans nigra,Cercis canadensis,Crataegus,Agrimonia pubescens,Lonicera maackii,Sonchus arvensis,Rubus occidentalis,Viola sororia,Solidago canadensis,Hackelia virginiana,Rhamnus cathartica,Morus alba,Fraxinus,,,,,,,,,,,,,,,,,,
AA118,Quercus alba,,Tilia americana,Allium canadense,Claytonia virginica,Impatiens,Cardamine concatenata,Acer saccharum,Geum canadense,Floerkea proserpinacoides,Alliaria petiolata,Anemone quinquefolia,Erythronium albidum,Maianthemum racemosum,Fraxinus,Ostrya virginiana,,,,,,,,,,,,,,,,,,
AY127,Phalaris arundinacea,Rosa,Tilia americana,Trillium recurvatum,Dipsacus fullonum,Fragaria virginiana,Carex pensylvanica,Dactylis glomerata,Poa pratensis,Securigera varia,Erythronium albidum,Rhamnus cathartica,Morus alba,Phellodendron amurense,Quercus alba,Ostrya virginiana,,,,,,,,,,,,,,,,,,
BB141,,Taraxacum officinale,Daucus carota,Fragaria virginiana,Lonicera maackii,Geum canadense,Arctium minus,Ambrosia trifida,Alliaria petiolata,Solidago canadensis,Ulmus pumila,Rhamnus cathartica,Parthenocissus quinquefolia,Rosa multiflora,Oxalis,Torilis japonica,,,,,,,,,,,,,,,,,,
CC109,,Tilia americana,Rubus,Elymus hystrix,Galium triflorum,Fragaria virginiana,Quercus macrocarpa,Prunus serotina,Ulmus americana,Symphyotrichum drummondii,Circaea lutetiana,Acer saccharum,Cerastium,Maianthemum racemosum,Quercus alba,Ostrya virginiana,,,,,,,,,,,,,,,,,,
DD90,Quercus alba,Geranium maculatum,Tilia americana,Claytonia virginica,Viola,Circaea lutetiana,Acer saccharum,Podophyllum peltatum,Alliaria petiolata,Galium aparine,Solidago canadensis,Arisaema triphyllum,Erythronium albidum,Prunus serotina,Polygonatum biflorum,Ostrya virginiana,,,,,,,,,,,,,,,,,,
H115,,Tilia americana,Ostrya virginiana,Ranunculus abortivus,Quercus macrocarpa,Ulmus americana,Carex,Quercus rubra,Symphyotrichum drummondii,Circaea lutetiana,Geum canadense,Erythronium albidum,Sanicula odorata,Allium tricoccum,Fraxinus,Helianthus,,,,,,,,,,,,,,,,,,
HA132,Tilia americana,Prunus virginiana,Agrimonia,Ulmus rubra,Ulmus americana,Rhamnus cathartica,Lonicera maackii,Carex,Circaea lutetiana,Arisaema triphyllum,Viola sororia,Alliaria petiolata,Hackelia virginiana,Glyceria striata,Prunus serotina,Parthenocissus quinquefolia,,,,,,,,,,,,,,,,,,
HH106,Solidago ulmifolia,,Galium triflorum,Fragaria virginiana,Dodecatheon meadia,Symphyotrichum drummondii,Carex pensylvanica,Circaea lutetiana,Fraxinus americana,Potentilla simplex,Geum canadense,Anemone quinquefolia,Camassia scilloides,Solidago canadensis,Prunus serotina,Quercus alba,,,,,,,,,,,,,,,,,,
HH93,,Tilia americana,Galium triflorum,Claytonia virginica,Hydrophyllum virginianum,Viola,Fraxinus pennsylvanica,Circaea lutetiana,Acer saccharum,Potentilla simplex,Alliaria petiolata,Erythronium albidum,Sanicula,Symphyotrichum lateriflorum,Quercus alba,Ostrya virginiana,,,,,,,,,,,,,,,,,,
LL110,,Tilia americana,Ageratina altissima,Quercus macrocarpa,Impatiens,Circaea lutetiana,Geum canadense,Arisaema triphyllum,Viola sororia,Alliaria petiolata,Galium aparine,Fraxinus,Hackelia virginiana,Phellodendron amurense,Maianthemum racemosum,Quercus alba,,,,,,,,,,,,,,,,,,
LL141,Tilia americana,Prunus virginiana,Ulmus rubra,Ranunculus hispidus,Ulmus americana,Quercus rubra,Lonicera maackii,Cardamine concatenata,Acer saccharum,Carya cordiformis,Gleditsia triacanthos,Alliaria petiolata,Rhamnus cathartica,Prunus serotina,Fraxinus,Viburnum opulus,,,,,,,,,,,,,,,,,,
N116,,Tilia americana,Claytonia virginica,Hydrophyllum virginianum,Solidago flexicaulis,Asarum canadense,Fraxinus americana,Cardamine concatenata,Acer saccharum,Podophyllum peltatum,Floerkea proserpinacoides,Erythronium albidum,Sanicula odorata,Dicentra cucullaria,Quercus alba,Ostrya virginiana,,,,,,,,,,,,,,,,,,
NN126,Taraxacum officinale,Erigeron philadelphicus,Anemone virginiana,Acer platanoides,Ulmus americana,Malus sieboldii,Lonicera maackii,Fraxinus pennsylvanica,Symphyotrichum drummondii,Poa pratensis,Acer saccharum,Plantago lanceolata,Solidago canadensis,Rhamnus cathartica,Parthenocissus quinquefolia,Carex,,,,,,,,,,,,,,,,,,
NN136,,Geranium maculatum,Tilia americana,Ulmus rubra,Ulmus americana,Quercus rubra,Lonicera maackii,Celtis occidentalis,Cardamine concatenata,Acer saccharum,Arisaema triphyllum,Erythronium albidum,Rhamnus cathartica,Prunus serotina,Quercus alba,Parthenocissus quinquefolia,,,,,,,,,,,,,,,,,,
QQ139,,Tilia americana,Prunus virginiana,Euonymus alatus,Ulmus americana,Lonicera maackii,Cardamine concatenata,Acer saccharum,Viola pubescens,Alliaria petiolata,Arisaema triphyllum,Erythronium albidum,Rhamnus cathartica,Maianthemum racemosum,Quercus alba,Parthenocissus quinquefolia,,,,,,,,,,,,,,,,,,
W91,Geranium maculatum,Tilia americana,Ageratina altissima,Ulmus americana,Quercus rubra,Circaea lutetiana,Rubus occidentalis,Geum canadense,Viola sororia,Arisaema triphyllum,Alliaria petiolata,Erythronium albidum,Fraxinus,Prunus serotina,Quercus alba,Ostrya virginiana,,,,,,,,,,,,,,,,,,
A116,Symphyotrichum,Polygonum virginianum,Fragaria virginiana,Quercus macrocarpa,Ligusticum,Allium,Lonicera maackii,Salix,Circaea lutetiana,Lonicera tatarica,Rubus occidentalis,Alliaria petiolata,Galium aparine,Solidago canadensis,Toxicodendron radicans,Rhamnus cathartica,Parthenocissus quinquefolia,,,,,,,,,,,,,,,,,
BB121,Oxalis stricta,Tilia americana,Ribes,Ostrya virginiana,Asarum canadense,Impatiens,Quercus rubra,Cardamine concatenata,Clematis virginiana,Hydrophyllum appendiculatum,Floerkea proserpinacoides,Alliaria petiolata,Galium aparine,Acer saccharum,Dicentra cucullaria,Fraxinus,Carex,,,,,,,,,,,,,,,,,
C127,,Tilia americana,Fraxinus quadrangulata,Allium canadense,Trillium recurvatum,Impatiens,Quercus rubra,Cardamine concatenata,Circaea lutetiana,Geum canadense,Fraxinus,Solidago canadensis,Erythronium albidum,Sanicula odorata,Polemonium reptans,Quercus alba,Ostrya virginiana,,,,,,,,,,,,,,,,,
CC96,,Quercus alba,Tilia americana,Ageratina altissima,Trillium recurvatum,Claytonia virginica,Impatiens,Viola,Osmorhiza,Circaea lutetiana,Acer saccharum,Arisaema triphyllum,Erythronium albidum,Hackelia virginiana,Phlox divaricata,Polygonatum biflorum,Ostrya virginiana,,,,,,,,,,,,,,,,,
F112,Taraxacum officinale,Symphyotrichum,Rubus,Tilia americana,Ulmus rubra,Solidago flexicaulis,Fraxinus pennsylvanica,Populus grandidentata,Symphyotrichum drummondii,Ulmus americana,Lonicera tatarica,Ribes missouriense,Potentilla simplex,Geum canadense,Solidago canadensis,Prunus serotina,Carex,,,,,,,,,,,,,,,,,
F122,Tilia americana,Sanguinaria canadensis,Juglans nigra,Ranunculus hispidus,Claytonia virginica,Impatiens,Quercus macrocarpa,Lonicera maackii,Ulmus americana,Rubus occidentalis,Geum canadense,Floerkea proserpinacoides,Alliaria petiolata,Galium aparine,Erythronium albidum,Symphyotrichum shortii,Carex,,,,,,,,,,,,,,,,,
FF94,Ambrosia artemisiifolia,Tilia americana,Daucus carota,Claytonia virginica,Viola,Quercus rubra,Symphyotrichum drummondii,Rudbeckia hirta,Poa pratensis,Circaea lutetiana,Erigeron annuus,Calystegia sepium,Rubus occidentalis,Solidago canadensis,Glechoma hederacea,Equisetum arvense,Fraxinus,,,,,,,,,,,,,,,,,
G137,,Oxalis stricta,Taraxacum officinale,Hackelia virginiana,Symphyotrichum,Cercis canadensis,Ulmus rubra,Trifolium pratense,Ulmus americana,Quercus rubra,Symphyotrichum drummondii,Securigera varia,Acer saccharum,Solidago canadensis,Rhamnus cathartica,Maianthemum racemosum,Carex,,,,,,,,,,,,,,,,,
HH110,,Tilia americana,Ageratina altissima,Trillium recurvatum,Ulmus americana,Quercus rubra,Circaea lutetiana,Potentilla simplex,Geum canadense,Viola sororia,Alliaria petiolata,Solidago canadensis,Hackelia virginiana,Symphyotrichum lateriflorum,Prunus serotina,Quercus alba,Parthenocissus quinquefolia,,,,,,,,,,,,,,,,,
HH90,,Cryptotaenia canadensis,Polygonum virginianum,Claytonia virginica,Impatiens,Quercus rubra,Osmorhiza,Circaea lutetiana,Acer saccharum,Geum canadense,Alliaria petiolata,Anemone quinquefolia,Erythronium albidum,Sanicula,Prunus serotina,Quercus alba,Ostrya virginiana,,,,,,,,,,,,,,,,,
I109,Quercus alba,Symphyotrichum,Claytonia virginica,Ulmus americana,Quercus rubra,Allium,Cardamine concatenata,Acer saccharum,Geum canadense,Viburnum prunifolium,Erythronium albidum,Sanicula,Toxicodendron radicans,Allium tricoccum,Rhamnus cathartica,Acer,Ostrya virginiana,,,,,,,,,,,,,,,,,
I116,Geranium maculatum,Tilia americana,Claytonia virginica,Quercus macrocarpa,Polemonium reptans,Cardamine concatenata,Carya cordiformis,Geum canadense,Acer saccharum,Anemone quinquefolia,Erythronium albidum,Anemonella thalictroides,Symphyotrichum shortii,Symphyotrichum lateriflorum,Prunus serotina,Quercus alba,Ostrya virginiana,,,,,,,,,,,,,,,,,
II142,,Tilia americana,Ulmus rubra,Ranunculus hispidus,Ulmus americana,Lonicera maackii,Circaea lutetiana,Acer saccharum,Geum canadense,Impatiens capensis,Alliaria petiolata,Floerkea proserpinacoides,Camassia scilloides,Erythronium albidum,Carya cordiformis,Maianthemum racemosum,Ostrya virginiana,,,,,,,,,,,,,,,,,
JJ93,,Geranium maculatum,Quercus alba,Trillium recurvatum,Claytonia virginica,Ulmus rubra,Impatiens,Quercus rubra,Circaea lutetiana,Acer saccharum,Geum canadense,Alliaria petiolata,Erythronium albidum,Hackelia virginiana,Sanicula,Polygonatum biflorum,Ostrya virginiana,,,,,,,,,,,,,,,,,
SS136,,Tilia americana,Allium canadense,Ranunculus hispidus,Quercus macrocarpa,Impatiens,Fraxinus pennsylvanica,Lonicera maackii,Ulmus americana,Ulmus rubra,Cardamine concatenata,Arisaema triphyllum,Alliaria petiolata,Rhamnus cathartica,Rosa multiflora,Quercus alba,Parthenocissus quinquefolia,,,,,,,,,,,,,,,,,
TT140,,Menispermum canadense,Tilia americana,Amphicarpaea bracteata,Juglans nigra,Polygonum virginianum,Quercus rubra,Circaea lutetiana,Lonicera tatarica,Agrimonia gryposepala,Hydrophyllum appendiculatum,Arisaema triphyllum,Alliaria petiolata,Erythronium albidum,Rosa multiflora,Quercus alba,Parthenocissus quinquefolia,,,,,,,,,,,,,,,,,
W72,,Trillium recurvatum,Allium canadense,Polygonum virginianum,Impatiens,Quercus rubra,Euonymus,Celastrus orbiculatus,Circaea lutetiana,Rubus allegheniensis,Alliaria petiolata,Galium aparine,Camassia scilloides,Erythronium albidum,Galium,Allium tricoccum,Parthenocissus quinquefolia,,,,,,,,,,,,,,,,,
AA117,,Geranium maculatum,Oxalis stricta,Sanguinaria canadensis,Ostrya virginiana,Claytonia virginica,Carex pensylvanica,Cardamine concatenata,Acer saccharum,Podophyllum peltatum,Geum canadense,Galium aparine,Anemone quinquefolia,Erythronium albidum,Anemonella thalictroides,Solidago canadensis,Fraxinus,Carex,,,,,,,,,,,,,,,,
B128,Solidago ulmifolia,,Tilia americana,Juglans nigra,Quercus macrocarpa,Impatiens,Symphyotrichum drummondii,Cardamine concatenata,Rubus occidentalis,Circaea lutetiana,Geum canadense,Galium aparine,Erythronium albidum,Sanicula odorata,Symphyotrichum lateriflorum,Prunus serotina,Fraxinus,Carex,,,,,,,,,,,,,,,,
C125,,Geranium maculatum,Hackelia virginiana,Tilia americana,Ostrya virginiana,Allium canadense,Hydrophyllum virginianum,Impatiens,Ulmus americana,Symphyotrichum drummondii,Cardamine concatenata,Acer saccharum,Potentilla simplex,Rubus allegheniensis,Erythronium albidum,Toxicodendron radicans,Quercus alba,Carex,,,,,,,,,,,,,,,,
G109,,Geranium maculatum,Allium canadense,Claytonia virginica,Quercus macrocarpa,Quercus ellipsoidalis,Caulophyllum thalictroides,Fraxinus americana,Geum canadense,Floerkea proserpinacoides,Alliaria petiolata,Anemone quinquefolia,Erythronium albidum,Osmorhiza claytonii,Prunus serotina,Maianthemum racemosum,Quercus alba,Ostrya virginiana,,,,,,,,,,,,,,,,
GG92,,Tilia americana,Ageratina altissima,Juglans nigra,Polygonum virginianum,Claytonia virginica,Impatiens,Viola,Quercus rubra,Acer saccharum,Alliaria petiolata,Parthenocissus quinquefolia,Sanicula,Symphyotrichum lateriflorum,Cerastium,Maianthemum racemosum,Quercus alba,Ostrya virginiana,,,,,,,,,,,,,,,,
W95,Solidago ulmifolia,Geranium maculatum,Daucus carota,Ageratina altissima,Allium canadense,Fragaria virginiana,Crataegus,Fraxinus pennsylvanica,Symphyotrichum drummondii,Poa pratensis,Erigeron annuus,Potentilla simplex,Fraxinus,Veronica,Smilax,Cerastium,Quercus alba,Carex,,,,,,,,,,,,,,,,
WW137,Tilia americana,Ostrya virginiana,Ulmus americana,Fraxinus pennsylvanica,Lonicera maackii,Quercus rubra,Cardamine concatenata,Rubus occidentalis,Circaea lutetiana,Agrimonia gryposepala,Viola sororia,Arisaema triphyllum,Erythronium albidum,Rhamnus cathartica,Parthenocissus quinquefolia,Symphyotrichum lateriflorum,Prunus serotina,Carex,,,,,,,,,,,,,,,,
AA95,Geranium maculatum,Tilia americana,Ageratina altissima,Ostrya virginiana,Allium canadense,Trillium recurvatum,Claytonia virginica,Impatiens,Ulmus rubra,Osmorhiza,Fraxinus pennsylvanica,Circaea lutetiana,Geum canadense,Arisaema triphyllum,Erythronium albidum,Allium tricoccum,Maianthemum racemosum,Quercus alba,Parthenocissus quinquefolia,,,,,,,,,,,,,,,
BB92,Solidago ulmifolia,Geranium maculatum,,Ageratina altissima,Carya ovata,Polygonum virginianum,Claytonia virginica,Impatiens,Carex,Quercus rubra,Circaea lutetiana,Potentilla simplex,Alliaria petiolata,Galium aparine,Arisaema triphyllum,Erythronium albidum,Symphyotrichum lateriflorum,Quercus alba,Ostrya virginiana,,,,,,,,,,,,,,,
FF117,Quercus alba,Geranium maculatum,,Claytonia virginica,Impatiens,Quercus rubra,Lonicera maackii,Quercus,Ulmus americana,Circaea lutetiana,Agrimonia gryposepala,Potentilla simplex,Geum canadense,Floerkea proserpinacoides,Anemonella thalictroides,Symphyotrichum shortii,Symphyotrichum lateriflorum,Prunus serotina,Fraxinus,,,,,,,,,,,,,,,
II122,,Tilia americana,Allium canadense,Claytonia virginica,Quercus macrocarpa,Ulmus americana,Fraxinus pennsylvanica,Viburnum opulus,Quercus rubra,Circaea lutetiana,Acer saccharum,Geum canadense,Floerkea proserpinacoides,Fraxinus,Osmorhiza claytonii,Celtis occidentalis,Prunus serotina,Quercus alba,Parthenocissus quinquefolia,,,,,,,,,,,,,,,
LL114,,Quercus alba,Tilia americana,Rubus,Ageratina altissima,Symphyotrichum,Viola,Carex,Symphyotrichum drummondii,Cardamine concatenata,Circaea lutetiana,Geum canadense,Alliaria petiolata,Osmorhiza claytonii,Hackelia virginiana,Prunus serotina,Maianthemum racemosum,Fraxinus,Oxalis stricta,,,,,,,,,,,,,,,
OO101,Ambrosia artemisiifolia,,Taraxacum officinale,Ageratina altissima,Tilia americana,Carex hirtifolia,Polygonum virginianum,Quercus macrocarpa,Ulmus rubra,Symphyotrichum drummondii,Celastrus orbiculatus,Poa pratensis,Geum canadense,Bromus inermis,Galium aparine,Solidago canadensis,Hackelia virginiana,Maianthemum racemosum,Parthenocissus quinquefolia,,,,,,,,,,,,,,,
V84,,Tilia americana,Ageratina altissima,Ostrya virginiana,Galium triflorum,Prunus serotina,Ulmus americana,Lonicera maackii,Quercus,Circaea lutetiana,Alliaria petiolata,Arisaema triphyllum,Erythronium albidum,Anemonella thalictroides,Hackelia virginiana,Oxalis,Maianthemum racemosum,Quercus alba,Aesculus,,,,,,,,,,,,,,,
Y112,,Trillium recurvatum,Anemone virginiana,Claytonia virginica,Hydrophyllum virginianum,Fraxinus pennsylvanica,Quercus macrocarpa,Quercus rubra,Cystopteris protrusa,Cardamine concatenata,Acer saccharum,Enemion biternatum,Floerkea proserpinacoides,Osmorhiza claytonii,Dicentra cucullaria,Prunus serotina,Maianthemum racemosum,Quercus alba,Ostrya virginiana,,,,,,,,,,,,,,,
GG94,,Tilia americana,Ageratina altissima,Elymus hystrix,Prunus serotina,Solidago,Osmorhiza,Galium circaezans,Acer saccharum,Arisaema triphyllum,Alliaria petiolata,Anemone quinquefolia,Galium aparine,Anemonella thalictroides,Hackelia virginiana,Sanicula,Cerastium,Maianthemum racemosum,Quercus alba,Ostrya virginiana,,,,,,,,,,,,,,
HH130,Phalaris arundinacea,,Taraxacum officinale,Daucus carota,Prunella vulgaris,Viburnum dentatum,Calluna vulgaris,Malus sieboldii,Symphyotrichum drummondii,Dactylis glomerata,Poa pratensis,Celastrus orbiculatus,Viburnum lentago,Calystegia sepium,Helianthus grosseserratus,Carex blanda,Solidago canadensis,Cornus racemosa,Symphyotrichum lateriflorum,Festuca arundinacea,,,,,,,,,,,,,,
HH85,,Cryptotaenia canadensis,Tilia americana,Pinus resinosa,Polygonum virginianum,Pinus,Impatiens,Carex,Quercus rubra,Circaea lutetiana,Rubus occidentalis,Acer saccharum,Rubus allegheniensis,Alliaria petiolata,Galium aparine,Arisaema triphyllum,Celtis occidentalis,Rosa multiflora,Maianthemum racemosum,Parthenocissus quinquefolia,,,,,,,,,,,,,,
U110,,Geranium maculatum,Tilia americana,Claytonia virginica,Solidago,Ulmus americana,Cardamine douglassii,Lonicera maackii,Cardamine concatenata,Acer saccharum,Floerkea proserpinacoides,Alliaria petiolata,Impatiens capensis,Erythronium albidum,Anemonella thalictroides,Toxicodendron radicans,Rosa multiflora,Prunus serotina,Fraxinus,Carex,,,,,,,,,,,,,,
JJ102,,Tilia americana,Viola,Quercus rubra,Galium circaezans,Rubus occidentalis,Acer saccharum,Prenanthes alba,Phalaris arundinacea,Galium triflorum,Fragaria virginiana,Alliaria petiolata,Solidago canadensis,Fraxinus,Quercus alba,Polygonum virginianum,Carex,Taraxacum officinale,Cercis canadensis,Symphyotrichum drummondii,Geum canadense,,,,,,,,,,,,,
LL90,,Ageratina altissima,Ulmus rubra,Viola,Cardamine concatenata,Acer saccharum,Sanicula,Galium triflorum,Claytonia virginica,Quercus macrocarpa,Alliaria petiolata,Erythronium albidum,Juglans nigra,Polygonum virginianum,Trillium recurvatum,Impatiens,Ulmus americana,Prunus serotina,Parthenocissus quinquefolia,Galium aparine,Maianthemum racemosum,,,,,,,,,,,,,
Y96,,Tilia americana,Polygonatum biflorum,Fragaria virginiana,Alliaria petiolata,Solidago canadensis,Erythronium albidum,Anemonella thalictroides,Oxalis,Fraxinus,Solidago ulmifolia,Impatiens,Prunus serotina,Carex,Taraxacum officinale,Quercus ellipsoidalis,Lactuca,Circaea lutetiana,Geum canadense,Arisaema triphyllum,Galium,,,,,,,,,,,,,
YY137,Tilia americana,Cardamine concatenata,Ostrya virginiana,Fraxinus pennsylvanica,Carya cordiformis,Alliaria petiolata,Erythronium albidum,Rhamnus cathartica,Fraxinus,Quercus alba,Juglans nigra,Ranunculus hispidus,Ulmus americana,Prunus serotina,Smilax,Parthenocissus quinquefolia,Allium canadense,Circaea lutetiana,Arisaema triphyllum,Allium tricoccum,Maianthemum racemosum,,,,,,,,,,,,,
CC110,,Tilia americana,Ageratina altissima,Ulmus rubra,Quercus rubra,Galium circaezans,Ostrya virginiana,Elymus hystrix,Galium triflorum,Fragaria virginiana,Claytonia virginica,Rhamnus cathartica,Quercus alba,Ranunculus hispidus,Ulmus americana,Lonicera tatarica,Prunus serotina,Symphyotrichum drummondii,Lactuca,Circaea lutetiana,Geum canadense,Potentilla simplex,Maianthemum racemosum,,,,,,,,,,,
V95,Ageratina altissima,Prenanthes alba,Polygonatum biflorum,Helianthus,Elymus hystrix,Quercus macrocarpa,Fraxinus pennsylvanica,Solidago canadensis,Erythronium albidum,Anemonella thalictroides,Oxalis,Quercus alba,Solidago ulmifolia,Ambrosia artemisiifolia,Juglans nigra,Euonymus alatus,Trillium recurvatum,Camassia scilloides,Cercis canadensis,Allium canadense,Barbarea vulgaris,Symphyotrichum drummondii,Circaea lutetiana,Geum canadense,,,,,,,,,,
W87,Convolvulus,,Tilia americana,Prunus virginiana,Quercus rubra,Elymus,Viburnum,Alliaria petiolata,Solidago canadensis,Eupatorium purpureum,Erythronium albidum,Fraxinus,Quercus alba,Juglans nigra,Trillium recurvatum,Ranunculus hispidus,Impatiens,Rubus allegheniensis,Celtis occidentalis,Allium canadense,Symphyotrichum drummondii,Circaea lutetiana,Geum canadense,Aesculus,,,,,,,,,,
U95,Tilia americana,Prunella vulgaris,Carya ovata,Quercus rubra,Agrostis altissima,Rubus occidentalis,Agrimonia gryposepala,Viola sororia,Helenium autumnale,Polygonatum biflorum,Galium triflorum,Quercus macrocarpa,Alliaria petiolata,Solidago canadensis,Erythronium albidum,Lonicera,Rhamnus cathartica,Fraxinus,Solidago ulmifolia,Trillium recurvatum,Ulmus americana,Sanicula odorata,Carex,Taraxacum officinale,Cercis canadensis,Allium canadense,Quercus ellipsoidalis,Lonicera maackii,Actaea pachypoda,Symphyotrichum drummondii,Circaea lutetiana,Erigeron annuus,Geum canadense,Tragopogon
